code;name;;en_name;de_desc;de_link;en_desc;en_link;de_syn;en_syn
GRGEM17-10101;Eisenstadt <10101>;;;;;;;;
GRGEM17-10201;Rust <10201>;;;;;;;;
GRGEM17-10301;Breitenbrunn am Neusiedler See <10301>;;;;;;;;
GRGEM17-10302;Donnerskirchen <10302>;;;;;;;;
GRGEM17-10303;Großhöflein <10303>;;;;;;;;
GRGEM17-10304;Hornstein <10304>;;;;;;;;
GRGEM17-10305;Klingenbach <10305>;;;;;;;;
GRGEM17-10306;Leithaprodersdorf <10306>;;;;;;;;
GRGEM17-10320;Loretto <10320>;;;;;;;;
GRGEM17-10307;Mörbisch am See <10307>;;;;;;;;
GRGEM17-10308;Müllendorf <10308>;;;;;;;;
GRGEM17-10309;Neufeld an der Leitha <10309>;;;;;;;;
GRGEM17-10310;Oggau am Neusiedler See <10310>;;;;;;;;
GRGEM17-10311;Oslip <10311>;;;;;;;;
GRGEM17-10312;Purbach am Neusiedler See <10312>;;;;;;;;
GRGEM17-10313;Sankt Margarethen im Burgenland <10313>;;;;;;;;
GRGEM17-10314;Schützen am Gebirge <10314>;;;;;;;;
GRGEM17-10315;Siegendorf <10315>;;;;;;;;
GRGEM17-10316;Steinbrunn <10316>;;;;;;;;
GRGEM17-10321;Stotzing <10321>;;;;;;;;
GRGEM17-10317;Trausdorf an der Wulka <10317>;;;;;;;;
GRGEM17-10318;Wimpassing an der Leitha <10318>;;;;;;;;
GRGEM17-10319;Wulkaprodersdorf <10319>;;;;;;;;
GRGEM17-10322;Zillingtal <10322>;;;;;;;;
GRGEM17-10323;Zagersdorf <10323>;;;;;;;;
GRGEM17-10426;Bildein <10426>;;;;;;;;
GRGEM17-10401;Bocksdorf <10401>;;;;;;;;
GRGEM17-10402;Burgauberg-Neudauberg <10402>;;;;;;;;
GRGEM17-10403;Eberau <10403>;;;;;;;;
GRGEM17-10404;Gerersdorf-Sulz <10404>;;;;;;;;
GRGEM17-10420;Großmürbisch <10420>;;;;;;;;
GRGEM17-10405;Güssing <10405>;;;;;;;;
GRGEM17-10406;Güttenbach <10406>;;;;;;;;
GRGEM17-10418;Hackerberg <10418>;;;;;;;;
GRGEM17-10407;Heiligenbrunn <10407>;;;;;;;;
GRGEM17-10424;Heugraben <10424>;;;;;;;;
GRGEM17-10421;Inzenhof <10421>;;;;;;;;
GRGEM17-10422;Kleinmürbisch <10422>;;;;;;;;
GRGEM17-10408;Kukmirn <10408>;;;;;;;;
GRGEM17-10428;Moschendorf <10428>;;;;;;;;
GRGEM17-10409;Neuberg im Burgenland <10409>;;;;;;;;
GRGEM17-10410;Neustift bei Güssing <10410>;;;;;;;;
GRGEM17-10411;Olbendorf <10411>;;;;;;;;
GRGEM17-10412;Ollersdorf im Burgenland <10412>;;;;;;;;
GRGEM17-10427;Rauchwart <10427>;;;;;;;;
GRGEM17-10425;Rohr im Burgenland <10425>;;;;;;;;
GRGEM17-10413;Sankt Michael im Burgenland <10413>;;;;;;;;
GRGEM17-10414;Stegersbach <10414>;;;;;;;;
GRGEM17-10415;Stinatz <10415>;;;;;;;;
GRGEM17-10416;Strem <10416>;;;;;;;;
GRGEM17-10417;Tobaj <10417>;;;;;;;;
GRGEM17-10423;Tschanigraben <10423>;;;;;;;;
GRGEM17-10419;Wörterberg <10419>;;;;;;;;
GRGEM17-10501;Deutsch Kaltenbrunn <10501>;;;;;;;;
GRGEM17-10502;Eltendorf <10502>;;;;;;;;
GRGEM17-10503;Heiligenkreuz im Lafnitztal <10503>;;;;;;;;
GRGEM17-10504;Jennersdorf <10504>;;;;;;;;
GRGEM17-10511;Königsdorf <10511>;;;;;;;;
GRGEM17-10505;Minihof-Liebau <10505>;;;;;;;;
GRGEM17-10506;Mogersdorf <10506>;;;;;;;;
GRGEM17-10512;Mühlgraben <10512>;;;;;;;;
GRGEM17-10507;Neuhaus am Klausenbach <10507>;;;;;;;;
GRGEM17-10508;Rudersdorf <10508>;;;;;;;;
GRGEM17-10509;Sankt Martin an der Raab <10509>;;;;;;;;
GRGEM17-10510;Weichselbaum <10510>;;;;;;;;
GRGEM17-10616;Antau <10616>;;;;;;;;
GRGEM17-10611;Bad Sauerbrunn <10611>;;;;;;;;
GRGEM17-10617;Baumgarten <10617>;;;;;;;;
GRGEM17-10601;Draßburg <10601>;;;;;;;;
GRGEM17-10602;Forchtenstein <10602>;;;;;;;;
GRGEM17-10603;Hirm <10603>;;;;;;;;
GRGEM17-10619;Krensdorf <10619>;;;;;;;;
GRGEM17-10604;Loipersbach im Burgenland <10604>;;;;;;;;
GRGEM17-10605;Marz <10605>;;;;;;;;
GRGEM17-10606;Mattersburg <10606>;;;;;;;;
GRGEM17-10607;Neudörfl <10607>;;;;;;;;
GRGEM17-10608;Pöttelsdorf <10608>;;;;;;;;
GRGEM17-10609;Pöttsching <10609>;;;;;;;;
GRGEM17-10610;Rohrbach bei Mattersburg <10610>;;;;;;;;
GRGEM17-10612;Schattendorf <10612>;;;;;;;;
GRGEM17-10613;Sieggraben <10613>;;;;;;;;
GRGEM17-10614;Sigleß <10614>;;;;;;;;
GRGEM17-10615;Wiesen <10615>;;;;;;;;
GRGEM17-10618;Zemendorf-Stöttera <10618>;;;;;;;;
GRGEM17-10701;Andau <10701>;;;;;;;;
GRGEM17-10702;Apetlon <10702>;;;;;;;;
GRGEM17-10703;Bruckneudorf <10703>;;;;;;;;
GRGEM17-10704;Deutsch Jahrndorf <10704>;;;;;;;;
GRGEM17-10727;Edelstal <10727>;;;;;;;;
GRGEM17-10705;Frauenkirchen <10705>;;;;;;;;
GRGEM17-10706;Gattendorf <10706>;;;;;;;;
GRGEM17-10707;Gols <10707>;;;;;;;;
GRGEM17-10708;Halbturn <10708>;;;;;;;;
GRGEM17-10709;Illmitz <10709>;;;;;;;;
GRGEM17-10710;Jois <10710>;;;;;;;;
GRGEM17-10711;Kittsee <10711>;;;;;;;;
GRGEM17-10712;Mönchhof <10712>;;;;;;;;
GRGEM17-10725;Neudorf <10725>;;;;;;;;
GRGEM17-10713;Neusiedl am See <10713>;;;;;;;;
GRGEM17-10714;Nickelsdorf <10714>;;;;;;;;
GRGEM17-10715;Pama <10715>;;;;;;;;
GRGEM17-10716;Pamhagen <10716>;;;;;;;;
GRGEM17-10717;Parndorf <10717>;;;;;;;;
GRGEM17-10718;Podersdorf am See <10718>;;;;;;;;
GRGEM17-10726;Potzneusiedl <10726>;;;;;;;;
GRGEM17-10719;Sankt Andrä am Zicksee <10719>;;;;;;;;
GRGEM17-10720;Tadten <10720>;;;;;;;;
GRGEM17-10721;Wallern im Burgenland <10721>;;;;;;;;
GRGEM17-10722;Weiden am See <10722>;;;;;;;;
GRGEM17-10723;Winden am See <10723>;;;;;;;;
GRGEM17-10724;Zurndorf <10724>;;;;;;;;
GRGEM17-10801;Deutschkreutz <10801>;;;;;;;;
GRGEM17-10802;Draßmarkt <10802>;;;;;;;;
GRGEM17-10803;Frankenau-Unterpullendorf <10803>;;;;;;;;
GRGEM17-10804;Großwarasdorf <10804>;;;;;;;;
GRGEM17-10805;Horitschon <10805>;;;;;;;;
GRGEM17-10806;Kaisersdorf <10806>;;;;;;;;
GRGEM17-10807;Kobersdorf <10807>;;;;;;;;
GRGEM17-10808;Lackenbach <10808>;;;;;;;;
GRGEM17-10824;Lackendorf <10824>;;;;;;;;
GRGEM17-10809;Lockenhaus <10809>;;;;;;;;
GRGEM17-10810;Lutzmannsburg <10810>;;;;;;;;
GRGEM17-10811;Mannersdorf an der Rabnitz <10811>;;;;;;;;
GRGEM17-10812;Markt Sankt Martin <10812>;;;;;;;;
GRGEM17-10813;Neckenmarkt <10813>;;;;;;;;
GRGEM17-10814;Neutal <10814>;;;;;;;;
GRGEM17-10815;Nikitsch <10815>;;;;;;;;
GRGEM17-10828;Oberloisdorf <10828>;;;;;;;;
GRGEM17-10816;Oberpullendorf <10816>;;;;;;;;
GRGEM17-10817;Pilgersdorf <10817>;;;;;;;;
GRGEM17-10818;Piringsdorf <10818>;;;;;;;;
GRGEM17-10819;Raiding <10819>;;;;;;;;
GRGEM17-10820;Ritzing <10820>;;;;;;;;
GRGEM17-10821;Steinberg-Dörfl <10821>;;;;;;;;
GRGEM17-10822;Stoob <10822>;;;;;;;;
GRGEM17-10825;Unterfrauenhaid <10825>;;;;;;;;
GRGEM17-10826;Unterrabnitz-Schwendgraben <10826>;;;;;;;;
GRGEM17-10827;Weingraben <10827>;;;;;;;;
GRGEM17-10823;Weppersdorf <10823>;;;;;;;;
GRGEM17-10901;Bad Tatzmannsdorf <10901>;;;;;;;;
GRGEM17-10931;Badersdorf <10931>;;;;;;;;
GRGEM17-10902;Bernstein <10902>;;;;;;;;
GRGEM17-10903;Deutsch Schützen-Eisenberg <10903>;;;;;;;;
GRGEM17-10904;Grafenschachen <10904>;;;;;;;;
GRGEM17-10905;Großpetersdorf <10905>;;;;;;;;
GRGEM17-10906;Hannersdorf <10906>;;;;;;;;
GRGEM17-10930;Jabing <10930>;;;;;;;;
GRGEM17-10907;Kemeten <10907>;;;;;;;;
GRGEM17-10908;Kohfidisch <10908>;;;;;;;;
GRGEM17-10909;Litzelsdorf <10909>;;;;;;;;
GRGEM17-10910;Loipersdorf-Kitzladen <10910>;;;;;;;;
GRGEM17-10911;Mariasdorf <10911>;;;;;;;;
GRGEM17-10912;Markt Allhau <10912>;;;;;;;;
GRGEM17-10913;Markt Neuhodis <10913>;;;;;;;;
GRGEM17-10914;Mischendorf <10914>;;;;;;;;
GRGEM17-10929;Neustift an der Lafnitz <10929>;;;;;;;;
GRGEM17-10915;Oberdorf im Burgenland <10915>;;;;;;;;
GRGEM17-10916;Oberschützen <10916>;;;;;;;;
GRGEM17-10917;Oberwart <10917>;;;;;;;;
GRGEM17-10918;Pinkafeld <10918>;;;;;;;;
GRGEM17-10919;Rechnitz <10919>;;;;;;;;
GRGEM17-10920;Riedlingsdorf <10920>;;;;;;;;
GRGEM17-10921;Rotenturm an der Pinka <10921>;;;;;;;;
GRGEM17-10922;Schachendorf <10922>;;;;;;;;
GRGEM17-10932;Schandorf <10932>;;;;;;;;
GRGEM17-10923;Stadtschlaining <10923>;;;;;;;;
GRGEM17-10924;Unterkohlstätten <10924>;;;;;;;;
GRGEM17-10925;Unterwart <10925>;;;;;;;;
GRGEM17-10926;Weiden bei Rechnitz <10926>;;;;;;;;
GRGEM17-10927;Wiesfleck <10927>;;;;;;;;
GRGEM17-10928;Wolfau <10928>;;;;;;;;
GRGEM17-20101;Klagenfurt am Wörthersee <20101>;;;;;;;;
GRGEM17-20201;Villach <20201>;;;;;;;;
GRGEM17-20302;Dellach <20302>;;;;;;;;
GRGEM17-20320;Gitschtal <20320>;;;;;;;;
GRGEM17-20305;Hermagor-Pressegger See <20305>;;;;;;;;
GRGEM17-20306;Kirchbach <20306>;;;;;;;;
GRGEM17-20307;Kötschach-Mauthen <20307>;;;;;;;;
GRGEM17-20321;Lesachtal <20321>;;;;;;;;
GRGEM17-20316;Sankt Stefan im Gailtal <20316>;;;;;;;;
GRGEM17-20402;Ebenthal in Kärnten <20402>;;;;;;;;
GRGEM17-20403;Feistritz im Rosental <20403>;;;;;;;;
GRGEM17-20405;Ferlach <20405>;;;;;;;;
GRGEM17-20409;Grafenstein <20409>;;;;;;;;
GRGEM17-20412;Keutschach am See <20412>;;;;;;;;
GRGEM17-20414;Köttmannsdorf <20414>;;;;;;;;
GRGEM17-20415;Krumpendorf am Wörther See <20415>;;;;;;;;
GRGEM17-20416;Ludmannsdorf <20416>;;;;;;;;
GRGEM17-20442;Magdalensberg <20442>;;;;;;;;
GRGEM17-20417;Maria Rain <20417>;;;;;;;;
GRGEM17-20418;Maria Saal <20418>;;;;;;;;
GRGEM17-20419;Maria Wörth <20419>;;;;;;;;
GRGEM17-20421;Moosburg <20421>;;;;;;;;
GRGEM17-20425;Poggersdorf <20425>;;;;;;;;
GRGEM17-20424;Pörtschach am Wörther See <20424>;;;;;;;;
GRGEM17-20428;Sankt Margareten im Rosental <20428>;;;;;;;;
GRGEM17-20432;Schiefling am Wörthersee <20432>;;;;;;;;
GRGEM17-20435;Techelsberg am Wörther See <20435>;;;;;;;;
GRGEM17-20441;Zell <20441>;;;;;;;;
GRGEM17-20501;Althofen <20501>;;;;;;;;
GRGEM17-20502;Brückl <20502>;;;;;;;;
GRGEM17-20503;Deutsch-Griffen <20503>;;;;;;;;
GRGEM17-20504;Eberstein <20504>;;;;;;;;
GRGEM17-20505;Friesach <20505>;;;;;;;;
GRGEM17-20506;Glödnitz <20506>;;;;;;;;
GRGEM17-20508;Gurk <20508>;;;;;;;;
GRGEM17-20509;Guttaring <20509>;;;;;;;;
GRGEM17-20511;Hüttenberg <20511>;;;;;;;;
GRGEM17-20512;Kappel am Krappfeld <20512>;;;;;;;;
GRGEM17-20513;Klein Sankt Paul <20513>;;;;;;;;
GRGEM17-20515;Liebenfels <20515>;;;;;;;;
GRGEM17-20518;Metnitz <20518>;;;;;;;;
GRGEM17-20519;Micheldorf <20519>;;;;;;;;
GRGEM17-20520;Mölbling <20520>;;;;;;;;
GRGEM17-20523;Sankt Georgen am Längsee <20523>;;;;;;;;
GRGEM17-20527;Sankt Veit an der Glan <20527>;;;;;;;;
GRGEM17-20530;Straßburg <20530>;;;;;;;;
GRGEM17-20531;Weitensfeld im Gurktal <20531>;;;;;;;;
GRGEM17-20534;Frauenstein <20534>;;;;;;;;
GRGEM17-20601;Bad Kleinkirchheim <20601>;;;;;;;;
GRGEM17-20602;Baldramsdorf <20602>;;;;;;;;
GRGEM17-20603;Berg im Drautal <20603>;;;;;;;;
GRGEM17-20604;Dellach im Drautal <20604>;;;;;;;;
GRGEM17-20607;Flattach <20607>;;;;;;;;
GRGEM17-20608;Gmünd in Kärnten <20608>;;;;;;;;
GRGEM17-20609;Greifenburg <20609>;;;;;;;;
GRGEM17-20605;Großkirchheim <20605>;;;;;;;;
GRGEM17-20610;Heiligenblut am Großglockner <20610>;;;;;;;;
GRGEM17-20611;Irschen <20611>;;;;;;;;
GRGEM17-20613;Kleblach-Lind <20613>;;;;;;;;
GRGEM17-20642;Krems in Kärnten <20642>;;;;;;;;
GRGEM17-20616;Lendorf <20616>;;;;;;;;
GRGEM17-20643;Lurnfeld <20643>;;;;;;;;
GRGEM17-20618;Mallnitz <20618>;;;;;;;;
GRGEM17-20619;Malta <20619>;;;;;;;;
GRGEM17-20620;Millstatt <20620>;;;;;;;;
GRGEM17-20622;Mörtschach <20622>;;;;;;;;
GRGEM17-20624;Mühldorf <20624>;;;;;;;;
GRGEM17-20625;Oberdrauburg <20625>;;;;;;;;
GRGEM17-20627;Obervellach <20627>;;;;;;;;
GRGEM17-20630;Radenthein <20630>;;;;;;;;
GRGEM17-20631;Rangersdorf <20631>;;;;;;;;
GRGEM17-20644;Reißeck <20644>;;;;;;;;
GRGEM17-20632;Rennweg am Katschberg <20632>;;;;;;;;
GRGEM17-20633;Sachsenburg <20633>;;;;;;;;
GRGEM17-20634;Seeboden am Millstätter See <20634>;;;;;;;;
GRGEM17-20635;Spittal an der Drau <20635>;;;;;;;;
GRGEM17-20636;Stall <20636>;;;;;;;;
GRGEM17-20637;Steinfeld <20637>;;;;;;;;
GRGEM17-20638;Trebesing <20638>;;;;;;;;
GRGEM17-20639;Weißensee <20639>;;;;;;;;
GRGEM17-20640;Winklern <20640>;;;;;;;;
GRGEM17-20701;Afritz am See <20701>;;;;;;;;
GRGEM17-20702;Arnoldstein <20702>;;;;;;;;
GRGEM17-20703;Arriach <20703>;;;;;;;;
GRGEM17-20705;Bad Bleiberg <20705>;;;;;;;;
GRGEM17-20707;Feistritz an der Gail <20707>;;;;;;;;
GRGEM17-20708;Feld am See <20708>;;;;;;;;
GRGEM17-20710;Ferndorf <20710>;;;;;;;;
GRGEM17-20711;Finkenstein am Faaker See <20711>;;;;;;;;
GRGEM17-20712;Fresach <20712>;;;;;;;;
GRGEM17-20713;Hohenthurn <20713>;;;;;;;;
GRGEM17-20719;Nötsch im Gailtal <20719>;;;;;;;;
GRGEM17-20720;Paternion <20720>;;;;;;;;
GRGEM17-20721;Rosegg <20721>;;;;;;;;
GRGEM17-20722;Sankt Jakob im Rosental <20722>;;;;;;;;
GRGEM17-20723;Stockenboi <20723>;;;;;;;;
GRGEM17-20724;Treffen am Ossiacher See <20724>;;;;;;;;
GRGEM17-20725;Velden am Wörther See <20725>;;;;;;;;
GRGEM17-20726;Weißenstein <20726>;;;;;;;;
GRGEM17-20727;Wernberg <20727>;;;;;;;;
GRGEM17-20801;Bleiburg <20801>;;;;;;;;
GRGEM17-20802;Diex <20802>;;;;;;;;
GRGEM17-20803;Eberndorf <20803>;;;;;;;;
GRGEM17-20804;Eisenkappel-Vellach <20804>;;;;;;;;
GRGEM17-20805;Feistritz ob Bleiburg <20805>;;;;;;;;
GRGEM17-20806;Gallizien <20806>;;;;;;;;
GRGEM17-20807;Globasnitz <20807>;;;;;;;;
GRGEM17-20808;Griffen <20808>;;;;;;;;
GRGEM17-20810;Neuhaus <20810>;;;;;;;;
GRGEM17-20812;Ruden <20812>;;;;;;;;
GRGEM17-20813;Sankt Kanzian am Klopeiner See <20813>;;;;;;;;
GRGEM17-20815;Sittersdorf <20815>;;;;;;;;
GRGEM17-20817;Völkermarkt <20817>;;;;;;;;
GRGEM17-20901;Bad Sankt Leonhard im Lavanttal <20901>;;;;;;;;
GRGEM17-20905;Frantschach-Sankt Gertraud <20905>;;;;;;;;
GRGEM17-20909;Lavamünd <20909>;;;;;;;;
GRGEM17-20911;Preitenegg <20911>;;;;;;;;
GRGEM17-20912;Reichenfels <20912>;;;;;;;;
GRGEM17-20913;Sankt Andrä <20913>;;;;;;;;
GRGEM17-20914;Sankt Georgen im Lavanttal <20914>;;;;;;;;
GRGEM17-20918;Sankt Paul im Lavanttal <20918>;;;;;;;;
GRGEM17-20923;Wolfsberg <20923>;;;;;;;;
GRGEM17-21001;Albeck <21001>;;;;;;;;
GRGEM17-21002;Feldkirchen in Kärnten <21002>;;;;;;;;
GRGEM17-21003;Glanegg <21003>;;;;;;;;
GRGEM17-21004;Gnesau <21004>;;;;;;;;
GRGEM17-21005;Himmelberg <21005>;;;;;;;;
GRGEM17-21006;Ossiach <21006>;;;;;;;;
GRGEM17-21007;Reichenau <21007>;;;;;;;;
GRGEM17-21008;Sankt Urban <21008>;;;;;;;;
GRGEM17-21009;Steindorf am Ossiacher See <21009>;;;;;;;;
GRGEM17-21010;Steuerberg <21010>;;;;;;;;
GRGEM17-30101;Krems an der Donau <30101>;;;;;;;;
GRGEM17-30201;Sankt Pölten <30201>;;;;;;;;
GRGEM17-30301;Waidhofen an der Ybbs <30301>;;;;;;;;
GRGEM17-30401;Wiener Neustadt <30401>;;;;;;;;
GRGEM17-30501;Allhartsberg <30501>;;;;;;;;
GRGEM17-30502;Amstetten <30502>;;;;;;;;
GRGEM17-30503;Ardagger <30503>;;;;;;;;
GRGEM17-30504;Aschbach-Markt <30504>;;;;;;;;
GRGEM17-30506;Behamberg <30506>;;;;;;;;
GRGEM17-30507;Biberbach <30507>;;;;;;;;
GRGEM17-30508;Ennsdorf <30508>;;;;;;;;
GRGEM17-30509;Ernsthofen <30509>;;;;;;;;
GRGEM17-30510;Ertl <30510>;;;;;;;;
GRGEM17-30511;Euratsfeld <30511>;;;;;;;;
GRGEM17-30512;Ferschnitz <30512>;;;;;;;;
GRGEM17-30514;Haag <30514>;;;;;;;;
GRGEM17-30515;Haidershofen <30515>;;;;;;;;
GRGEM17-30516;Hollenstein an der Ybbs <30516>;;;;;;;;
GRGEM17-30517;Kematen an der Ybbs <30517>;;;;;;;;
GRGEM17-30520;Neuhofen an der Ybbs <30520>;;;;;;;;
GRGEM17-30521;Neustadtl an der Donau <30521>;;;;;;;;
GRGEM17-30522;Oed-Oehling <30522>;;;;;;;;
GRGEM17-30524;Opponitz <30524>;;;;;;;;
GRGEM17-30526;Sankt Georgen am Reith <30526>;;;;;;;;
GRGEM17-30527;Sankt Georgen am Ybbsfelde <30527>;;;;;;;;
GRGEM17-30529;Sankt Pantaleon-Erla <30529>;;;;;;;;
GRGEM17-30530;Sankt Peter in der Au <30530>;;;;;;;;
GRGEM17-30531;Sankt Valentin <30531>;;;;;;;;
GRGEM17-30532;Seitenstetten <30532>;;;;;;;;
GRGEM17-30533;Sonntagberg <30533>;;;;;;;;
GRGEM17-30534;Strengberg <30534>;;;;;;;;
GRGEM17-30536;Viehdorf <30536>;;;;;;;;
GRGEM17-30538;Wallsee-Sindelburg <30538>;;;;;;;;
GRGEM17-30539;Weistrach <30539>;;;;;;;;
GRGEM17-30541;Winklarn <30541>;;;;;;;;
GRGEM17-30542;Wolfsbach <30542>;;;;;;;;
GRGEM17-30543;Ybbsitz <30543>;;;;;;;;
GRGEM17-30544;Zeillern <30544>;;;;;;;;
GRGEM17-30601;Alland <30601>;;;;;;;;
GRGEM17-30602;Altenmarkt an der Triesting <30602>;;;;;;;;
GRGEM17-30603;Bad Vöslau <30603>;;;;;;;;
GRGEM17-30604;Baden <30604>;;;;;;;;
GRGEM17-30605;Berndorf <30605>;;;;;;;;
GRGEM17-30646;Blumau-Neurißhof <30646>;;;;;;;;
GRGEM17-30607;Ebreichsdorf <30607>;;;;;;;;
GRGEM17-30608;Enzesfeld-Lindabrunn <30608>;;;;;;;;
GRGEM17-30609;Furth an der Triesting <30609>;;;;;;;;
GRGEM17-30612;Günselsdorf <30612>;;;;;;;;
GRGEM17-30613;Heiligenkreuz <30613>;;;;;;;;
GRGEM17-30614;Hernstein <30614>;;;;;;;;
GRGEM17-30615;Hirtenberg <30615>;;;;;;;;
GRGEM17-30616;Klausen-Leopoldsdorf <30616>;;;;;;;;
GRGEM17-30618;Kottingbrunn <30618>;;;;;;;;
GRGEM17-30620;Leobersdorf <30620>;;;;;;;;
GRGEM17-30621;Mitterndorf an der Fischa <30621>;;;;;;;;
GRGEM17-30623;Oberwaltersdorf <30623>;;;;;;;;
GRGEM17-30625;Pfaffstätten <30625>;;;;;;;;
GRGEM17-30626;Pottendorf <30626>;;;;;;;;
GRGEM17-30627;Pottenstein <30627>;;;;;;;;
GRGEM17-30629;Reisenberg <30629>;;;;;;;;
GRGEM17-30631;Schönau an der Triesting <30631>;;;;;;;;
GRGEM17-30633;Seibersdorf <30633>;;;;;;;;
GRGEM17-30635;Sooß <30635>;;;;;;;;
GRGEM17-30636;Tattendorf <30636>;;;;;;;;
GRGEM17-30637;Teesdorf <30637>;;;;;;;;
GRGEM17-30639;Traiskirchen <30639>;;;;;;;;
GRGEM17-30641;Trumau <30641>;;;;;;;;
GRGEM17-30645;Weissenbach an der Triesting <30645>;;;;;;;;
GRGEM17-30701;Au am Leithaberge <30701>;;;;;;;;
GRGEM17-30702;Bad Deutsch-Altenburg <30702>;;;;;;;;
GRGEM17-30703;Berg <30703>;;;;;;;;
GRGEM17-30704;Bruck an der Leitha <30704>;;;;;;;;
GRGEM17-30729;Ebergassing <30729>;;;;;;;;
GRGEM17-30706;Enzersdorf an der Fischa <30706>;;;;;;;;
GRGEM17-30730;Fischamend <30730>;;;;;;;;
GRGEM17-30708;Göttlesbrunn-Arbesthal <30708>;;;;;;;;
GRGEM17-30709;Götzendorf an der Leitha <30709>;;;;;;;;
GRGEM17-30731;Gramatneusiedl <30731>;;;;;;;;
GRGEM17-30710;Hainburg a.d.Donau <30710>;;;;;;;;
GRGEM17-30711;Haslau-Maria Ellend <30711>;;;;;;;;
GRGEM17-30732;Himberg <30732>;;;;;;;;
GRGEM17-30713;Hof am Leithaberge <30713>;;;;;;;;
GRGEM17-30712;Höflein <30712>;;;;;;;;
GRGEM17-30715;Hundsheim <30715>;;;;;;;;
GRGEM17-30733;Klein-Neusiedl <30733>;;;;;;;;
GRGEM17-30734;Lanzendorf <30734>;;;;;;;;
GRGEM17-30735;Leopoldsdorf <30735>;;;;;;;;
GRGEM17-30716;Mannersdorf am Leithagebirge <30716>;;;;;;;;
GRGEM17-30736;Maria-Lanzendorf <30736>;;;;;;;;
GRGEM17-30737;Moosbrunn <30737>;;;;;;;;
GRGEM17-30718;Petronell-Carnuntum <30718>;;;;;;;;
GRGEM17-30719;Prellenkirchen <30719>;;;;;;;;
GRGEM17-30738;Rauchenwarth <30738>;;;;;;;;
GRGEM17-30721;Rohrau <30721>;;;;;;;;
GRGEM17-30722;Scharndorf <30722>;;;;;;;;
GRGEM17-30739;Schwadorf <30739>;;;;;;;;
GRGEM17-30740;Schwechat <30740>;;;;;;;;
GRGEM17-30724;Sommerein <30724>;;;;;;;;
GRGEM17-30726;Trautmannsdorf an der Leitha <30726>;;;;;;;;
GRGEM17-30728;Wolfsthal <30728>;;;;;;;;
GRGEM17-30741;Zwölfaxing <30741>;;;;;;;;
GRGEM17-30801;Aderklaa <30801>;;;;;;;;
GRGEM17-30802;Andlersdorf <30802>;;;;;;;;
GRGEM17-30803;Angern an der March <30803>;;;;;;;;
GRGEM17-30804;Auersthal <30804>;;;;;;;;
GRGEM17-30805;Bad Pirawarth <30805>;;;;;;;;
GRGEM17-30808;Deutsch-Wagram <30808>;;;;;;;;
GRGEM17-30810;Drösing <30810>;;;;;;;;
GRGEM17-30811;Dürnkrut <30811>;;;;;;;;
GRGEM17-30812;Ebenthal <30812>;;;;;;;;
GRGEM17-30813;Eckartsau <30813>;;;;;;;;
GRGEM17-30814;Engelhartstetten <30814>;;;;;;;;
GRGEM17-30817;Gänserndorf <30817>;;;;;;;;
GRGEM17-30819;Glinzendorf <30819>;;;;;;;;
GRGEM17-30821;Groß-Enzersdorf <30821>;;;;;;;;
GRGEM17-30822;Großhofen <30822>;;;;;;;;
GRGEM17-30824;Groß-Schweinbarth <30824>;;;;;;;;
GRGEM17-30825;Haringsee <30825>;;;;;;;;
GRGEM17-30826;Hauskirchen <30826>;;;;;;;;
GRGEM17-30827;Hohenau an der March <30827>;;;;;;;;
GRGEM17-30828;Hohenruppersdorf <30828>;;;;;;;;
GRGEM17-30829;Jedenspeigen <30829>;;;;;;;;
GRGEM17-30830;Lassee <30830>;;;;;;;;
GRGEM17-30831;Leopoldsdorf im Marchfelde <30831>;;;;;;;;
GRGEM17-30834;Mannsdorf an der Donau <30834>;;;;;;;;
GRGEM17-30835;Marchegg <30835>;;;;;;;;
GRGEM17-30836;Markgrafneusiedl <30836>;;;;;;;;
GRGEM17-30838;Matzen-Raggendorf <30838>;;;;;;;;
GRGEM17-30841;Neusiedl an der Zaya <30841>;;;;;;;;
GRGEM17-30842;Obersiebenbrunn <30842>;;;;;;;;
GRGEM17-30844;Orth an der Donau <30844>;;;;;;;;
GRGEM17-30845;Palterndorf-Dobermannsdorf <30845>;;;;;;;;
GRGEM17-30846;Parbasdorf <30846>;;;;;;;;
GRGEM17-30848;Prottes <30848>;;;;;;;;
GRGEM17-30849;Raasdorf <30849>;;;;;;;;
GRGEM17-30850;Ringelsdorf-Niederabsdorf <30850>;;;;;;;;
GRGEM17-30852;Schönkirchen-Reyersdorf <30852>;;;;;;;;
GRGEM17-30854;Spannberg <30854>;;;;;;;;
GRGEM17-30856;Strasshof an der Nordbahn <30856>;;;;;;;;
GRGEM17-30857;Sulz im Weinviertel <30857>;;;;;;;;
GRGEM17-30858;Untersiebenbrunn <30858>;;;;;;;;
GRGEM17-30859;Velm-Götzendorf <30859>;;;;;;;;
GRGEM17-30865;Weiden an der March <30865>;;;;;;;;
GRGEM17-30860;Weikendorf <30860>;;;;;;;;
GRGEM17-30863;Zistersdorf <30863>;;;;;;;;
GRGEM17-30902;Amaliendorf-Aalfang <30902>;;;;;;;;
GRGEM17-30910;Bad Großpertholz <30910>;;;;;;;;
GRGEM17-30903;Brand-Nagelberg <30903>;;;;;;;;
GRGEM17-30904;Eggern <30904>;;;;;;;;
GRGEM17-30906;Eisgarn <30906>;;;;;;;;
GRGEM17-30908;Gmünd <30908>;;;;;;;;
GRGEM17-30909;Großdietmanns <30909>;;;;;;;;
GRGEM17-30912;Großschönau <30912>;;;;;;;;
GRGEM17-30915;Haugschlag <30915>;;;;;;;;
GRGEM17-30916;Heidenreichstein <30916>;;;;;;;;
GRGEM17-30917;Hirschbach <30917>;;;;;;;;
GRGEM17-30920;Hoheneich <30920>;;;;;;;;
GRGEM17-30921;Kirchberg am Walde <30921>;;;;;;;;
GRGEM17-30925;Litschau <30925>;;;;;;;;
GRGEM17-30913;Moorbad Harbach <30913>;;;;;;;;
GRGEM17-30929;Reingers <30929>;;;;;;;;
GRGEM17-30932;Sankt Martin <30932>;;;;;;;;
GRGEM17-30935;Schrems <30935>;;;;;;;;
GRGEM17-30939;Unserfrau-Altweitra <30939>;;;;;;;;
GRGEM17-30940;Waldenstein <30940>;;;;;;;;
GRGEM17-30942;Weitra <30942>;;;;;;;;
GRGEM17-31001;Alberndorf im Pulkautal <31001>;;;;;;;;
GRGEM17-31008;Göllersdorf <31008>;;;;;;;;
GRGEM17-31009;Grabern <31009>;;;;;;;;
GRGEM17-31014;Guntersdorf <31014>;;;;;;;;
GRGEM17-31015;Hadres <31015>;;;;;;;;
GRGEM17-31016;Hardegg <31016>;;;;;;;;
GRGEM17-31018;Haugsdorf <31018>;;;;;;;;
GRGEM17-31019;Heldenberg <31019>;;;;;;;;
GRGEM17-31021;Hohenwarth-Mühlbach a.M. <31021>;;;;;;;;
GRGEM17-31022;Hollabrunn <31022>;;;;;;;;
GRGEM17-31025;Mailberg <31025>;;;;;;;;
GRGEM17-31026;Maissau <31026>;;;;;;;;
GRGEM17-31028;Nappersdorf-Kammersdorf <31028>;;;;;;;;
GRGEM17-31033;Pernersdorf <31033>;;;;;;;;
GRGEM17-31035;Pulkau <31035>;;;;;;;;
GRGEM17-31036;Ravelsbach <31036>;;;;;;;;
GRGEM17-31037;Retz <31037>;;;;;;;;
GRGEM17-31038;Retzbach <31038>;;;;;;;;
GRGEM17-31041;Schrattenthal <31041>;;;;;;;;
GRGEM17-31042;Seefeld-Kadolz <31042>;;;;;;;;
GRGEM17-31043;Sitzendorf an der Schmida <31043>;;;;;;;;
GRGEM17-31051;Wullersdorf <31051>;;;;;;;;
GRGEM17-31052;Zellerndorf <31052>;;;;;;;;
GRGEM17-31053;Ziersdorf <31053>;;;;;;;;
GRGEM17-31101;Altenburg <31101>;;;;;;;;
GRGEM17-31102;Brunn an der Wild <31102>;;;;;;;;
GRGEM17-31103;Burgschleinitz-Kühnring <31103>;;;;;;;;
GRGEM17-31104;Drosendorf-Zissersdorf <31104>;;;;;;;;
GRGEM17-31105;Eggenburg <31105>;;;;;;;;
GRGEM17-31106;Gars am Kamp <31106>;;;;;;;;
GRGEM17-31107;Geras <31107>;;;;;;;;
GRGEM17-31109;Horn <31109>;;;;;;;;
GRGEM17-31110;Irnfritz-Messern <31110>;;;;;;;;
GRGEM17-31111;Japons <31111>;;;;;;;;
GRGEM17-31113;Langau <31113>;;;;;;;;
GRGEM17-31114;Meiseldorf <31114>;;;;;;;;
GRGEM17-31117;Pernegg <31117>;;;;;;;;
GRGEM17-31119;Röhrenbach <31119>;;;;;;;;
GRGEM17-31120;Röschitz <31120>;;;;;;;;
GRGEM17-31121;Rosenburg-Mold <31121>;;;;;;;;
GRGEM17-31123;Sankt Bernhard-Frauenhofen <31123>;;;;;;;;
GRGEM17-31124;Sigmundsherberg <31124>;;;;;;;;
GRGEM17-31130;Straning-Grafenberg <31130>;;;;;;;;
GRGEM17-31129;Weitersfeld <31129>;;;;;;;;
GRGEM17-31201;Bisamberg <31201>;;;;;;;;
GRGEM17-31202;Enzersfeld im Weinviertel <31202>;;;;;;;;
GRGEM17-31203;Ernstbrunn <31203>;;;;;;;;
GRGEM17-31235;Gerasdorf bei Wien <31235>;;;;;;;;
GRGEM17-31204;Großmugl <31204>;;;;;;;;
GRGEM17-31205;Großrußbach <31205>;;;;;;;;
GRGEM17-31206;Hagenbrunn <31206>;;;;;;;;
GRGEM17-31207;Harmannsdorf <31207>;;;;;;;;
GRGEM17-31208;Hausleiten <31208>;;;;;;;;
GRGEM17-31213;Korneuburg <31213>;;;;;;;;
GRGEM17-31214;Langenzersdorf <31214>;;;;;;;;
GRGEM17-31215;Leitzersdorf <31215>;;;;;;;;
GRGEM17-31216;Leobendorf <31216>;;;;;;;;
GRGEM17-31234;Niederhollabrunn <31234>;;;;;;;;
GRGEM17-31224;Rußbach <31224>;;;;;;;;
GRGEM17-31226;Sierndorf <31226>;;;;;;;;
GRGEM17-31227;Spillern <31227>;;;;;;;;
GRGEM17-31228;Stetteldorf am Wagram <31228>;;;;;;;;
GRGEM17-31229;Stetten <31229>;;;;;;;;
GRGEM17-31230;Stockerau <31230>;;;;;;;;
GRGEM17-31301;Aggsbach <31301>;;;;;;;;
GRGEM17-31302;Albrechtsberg an der Großen Krems <31302>;;;;;;;;
GRGEM17-31303;Bergern im Dunkelsteinerwald <31303>;;;;;;;;
GRGEM17-31356;Droß <31356>;;;;;;;;
GRGEM17-31304;Dürnstein <31304>;;;;;;;;
GRGEM17-31309;Furth bei Göttweig <31309>;;;;;;;;
GRGEM17-31310;Gedersdorf <31310>;;;;;;;;
GRGEM17-31311;Gföhl <31311>;;;;;;;;
GRGEM17-31308;Grafenegg <31308>;;;;;;;;
GRGEM17-31315;Hadersdorf-Kammern <31315>;;;;;;;;
GRGEM17-31319;Jaidhof <31319>;;;;;;;;
GRGEM17-31321;Krumau am Kamp <31321>;;;;;;;;
GRGEM17-31322;Langenlois <31322>;;;;;;;;
GRGEM17-31323;Lengenfeld <31323>;;;;;;;;
GRGEM17-31324;Lichtenau im Waldviertel <31324>;;;;;;;;
GRGEM17-31326;Maria Laach am Jauerling <31326>;;;;;;;;
GRGEM17-31327;Mautern an der Donau <31327>;;;;;;;;
GRGEM17-31330;Mühldorf <31330>;;;;;;;;
GRGEM17-31333;Paudorf <31333>;;;;;;;;
GRGEM17-31336;Rastenfeld <31336>;;;;;;;;
GRGEM17-31337;Rohrendorf bei Krems <31337>;;;;;;;;
GRGEM17-31338;Rossatz-Arnsdorf <31338>;;;;;;;;
GRGEM17-31340;Sankt Leonhard am Hornerwald <31340>;;;;;;;;
GRGEM17-31355;Schönberg am Kamp <31355>;;;;;;;;
GRGEM17-31343;Senftenberg <31343>;;;;;;;;
GRGEM17-31344;Spitz <31344>;;;;;;;;
GRGEM17-31346;Straß im Straßertale <31346>;;;;;;;;
GRGEM17-31347;Stratzing <31347>;;;;;;;;
GRGEM17-31350;Weinzierl am Walde <31350>;;;;;;;;
GRGEM17-31351;Weißenkirchen in der Wachau <31351>;;;;;;;;
GRGEM17-31401;Annaberg <31401>;;;;;;;;
GRGEM17-31402;Eschenau <31402>;;;;;;;;
GRGEM17-31403;Hainfeld <31403>;;;;;;;;
GRGEM17-31404;Hohenberg <31404>;;;;;;;;
GRGEM17-31405;Kaumberg <31405>;;;;;;;;
GRGEM17-31406;Kleinzell <31406>;;;;;;;;
GRGEM17-31407;Lilienfeld <31407>;;;;;;;;
GRGEM17-31408;Mitterbach am Erlaufsee <31408>;;;;;;;;
GRGEM17-31409;Ramsau <31409>;;;;;;;;
GRGEM17-31410;Rohrbach an der Gölsen <31410>;;;;;;;;
GRGEM17-31411;Sankt Aegyd am Neuwalde <31411>;;;;;;;;
GRGEM17-31412;Sankt Veit an der Gölsen <31412>;;;;;;;;
GRGEM17-31413;Traisen <31413>;;;;;;;;
GRGEM17-31414;Türnitz <31414>;;;;;;;;
GRGEM17-31502;Artstetten-Pöbring <31502>;;;;;;;;
GRGEM17-31503;Bergland <31503>;;;;;;;;
GRGEM17-31504;Bischofstetten <31504>;;;;;;;;
GRGEM17-31505;Blindenmarkt <31505>;;;;;;;;
GRGEM17-31506;Dorfstetten <31506>;;;;;;;;
GRGEM17-31507;Dunkelsteinerwald <31507>;;;;;;;;
GRGEM17-31553;Emmersdorf an der Donau <31553>;;;;;;;;
GRGEM17-31508;Erlauf <31508>;;;;;;;;
GRGEM17-31509;Golling an der Erlauf <31509>;;;;;;;;
GRGEM17-31511;Hofamt Priel <31511>;;;;;;;;
GRGEM17-31513;Hürm <31513>;;;;;;;;
GRGEM17-31514;Kilb <31514>;;;;;;;;
GRGEM17-31515;Kirnberg an der Mank <31515>;;;;;;;;
GRGEM17-31516;Klein-Pöchlarn <31516>;;;;;;;;
GRGEM17-31517;Krummnußbaum <31517>;;;;;;;;
GRGEM17-31519;Leiben <31519>;;;;;;;;
GRGEM17-31520;Loosdorf <31520>;;;;;;;;
GRGEM17-31521;Mank <31521>;;;;;;;;
GRGEM17-31522;Marbach an der Donau <31522>;;;;;;;;
GRGEM17-31523;Maria Taferl <31523>;;;;;;;;
GRGEM17-31524;Melk <31524>;;;;;;;;
GRGEM17-31525;Münichreith-Laimbach <31525>;;;;;;;;
GRGEM17-31527;Neumarkt an der Ybbs <31527>;;;;;;;;
GRGEM17-31528;Nöchling <31528>;;;;;;;;
GRGEM17-31530;Persenbeug-Gottsdorf <31530>;;;;;;;;
GRGEM17-31531;Petzenkirchen <31531>;;;;;;;;
GRGEM17-31533;Pöchlarn <31533>;;;;;;;;
GRGEM17-31534;Pöggstall <31534>;;;;;;;;
GRGEM17-31535;Raxendorf <31535>;;;;;;;;
GRGEM17-31537;Ruprechtshofen <31537>;;;;;;;;
GRGEM17-31539;Sankt Leonhard am Forst <31539>;;;;;;;;
GRGEM17-31540;Sankt Martin-Karlsbach <31540>;;;;;;;;
GRGEM17-31541;Sankt Oswald <31541>;;;;;;;;
GRGEM17-31543;Schollach <31543>;;;;;;;;
GRGEM17-31542;Schönbühel-Aggsbach <31542>;;;;;;;;
GRGEM17-31551;Texingtal <31551>;;;;;;;;
GRGEM17-31546;Weiten <31546>;;;;;;;;
GRGEM17-31549;Ybbs an der Donau <31549>;;;;;;;;
GRGEM17-31552;Yspertal <31552>;;;;;;;;
GRGEM17-31550;Zelking-Matzleinsdorf <31550>;;;;;;;;
GRGEM17-31601;Altlichtenwarth <31601>;;;;;;;;
GRGEM17-31603;Asparn an der Zaya <31603>;;;;;;;;
GRGEM17-31604;Bernhardsthal <31604>;;;;;;;;
GRGEM17-31605;Bockfließ <31605>;;;;;;;;
GRGEM17-31606;Drasenhofen <31606>;;;;;;;;
GRGEM17-31608;Falkenstein <31608>;;;;;;;;
GRGEM17-31609;Fallbach <31609>;;;;;;;;
GRGEM17-31611;Gaubitsch <31611>;;;;;;;;
GRGEM17-31612;Gaweinstal <31612>;;;;;;;;
GRGEM17-31613;Gnadendorf <31613>;;;;;;;;
GRGEM17-31614;Großebersdorf <31614>;;;;;;;;
GRGEM17-31615;Großengersdorf <31615>;;;;;;;;
GRGEM17-31616;Großharras <31616>;;;;;;;;
GRGEM17-31617;Großkrut <31617>;;;;;;;;
GRGEM17-31620;Hausbrunn <31620>;;;;;;;;
GRGEM17-31621;Herrnbaumgarten <31621>;;;;;;;;
GRGEM17-31622;Hochleithen <31622>;;;;;;;;
GRGEM17-31627;Kreuttal <31627>;;;;;;;;
GRGEM17-31628;Kreuzstetten <31628>;;;;;;;;
GRGEM17-31629;Laa an der Thaya <31629>;;;;;;;;
GRGEM17-31630;Ladendorf <31630>;;;;;;;;
GRGEM17-31633;Mistelbach <31633>;;;;;;;;
GRGEM17-31634;Neudorf bei Staatz <31634>;;;;;;;;
GRGEM17-31636;Niederleis <31636>;;;;;;;;
GRGEM17-31658;Ottenthal <31658>;;;;;;;;
GRGEM17-31642;Pillichsdorf <31642>;;;;;;;;
GRGEM17-31644;Poysdorf <31644>;;;;;;;;
GRGEM17-31645;Rabensburg <31645>;;;;;;;;
GRGEM17-31646;Schrattenberg <31646>;;;;;;;;
GRGEM17-31649;Staatz <31649>;;;;;;;;
GRGEM17-31650;Stronsdorf <31650>;;;;;;;;
GRGEM17-31651;Ulrichskirchen-Schleinbach <31651>;;;;;;;;
GRGEM17-31652;Unterstinkenbrunn <31652>;;;;;;;;
GRGEM17-31653;Wildendürnbach <31653>;;;;;;;;
GRGEM17-31654;Wilfersdorf <31654>;;;;;;;;
GRGEM17-31655;Wolkersdorf im Weinviertel <31655>;;;;;;;;
GRGEM17-31701;Achau <31701>;;;;;;;;
GRGEM17-31702;Biedermannsdorf <31702>;;;;;;;;
GRGEM17-31703;Breitenfurt bei Wien <31703>;;;;;;;;
GRGEM17-31704;Brunn am Gebirge <31704>;;;;;;;;
GRGEM17-31706;Gaaden <31706>;;;;;;;;
GRGEM17-31707;Gießhübl <31707>;;;;;;;;
GRGEM17-31709;Gumpoldskirchen <31709>;;;;;;;;
GRGEM17-31710;Guntramsdorf <31710>;;;;;;;;
GRGEM17-31711;Hennersdorf <31711>;;;;;;;;
GRGEM17-31712;Hinterbrühl <31712>;;;;;;;;
GRGEM17-31713;Kaltenleutgeben <31713>;;;;;;;;
GRGEM17-31714;Laab im Walde <31714>;;;;;;;;
GRGEM17-31715;Laxenburg <31715>;;;;;;;;
GRGEM17-31716;Maria Enzersdorf <31716>;;;;;;;;
GRGEM17-31717;Mödling <31717>;;;;;;;;
GRGEM17-31718;Münchendorf <31718>;;;;;;;;
GRGEM17-31719;Perchtoldsdorf <31719>;;;;;;;;
GRGEM17-31723;Vösendorf <31723>;;;;;;;;
GRGEM17-31725;Wiener Neudorf <31725>;;;;;;;;
GRGEM17-31726;Wienerwald <31726>;;;;;;;;
GRGEM17-31801;Altendorf <31801>;;;;;;;;
GRGEM17-31803;Aspangberg-Sankt Peter <31803>;;;;;;;;
GRGEM17-31802;Aspang-Markt <31802>;;;;;;;;
GRGEM17-31804;Breitenau <31804>;;;;;;;;
GRGEM17-31805;Breitenstein <31805>;;;;;;;;
GRGEM17-31806;Buchbach <31806>;;;;;;;;
GRGEM17-31842;Bürg-Vöstenhof <31842>;;;;;;;;
GRGEM17-31807;Edlitz <31807>;;;;;;;;
GRGEM17-31808;Enzenreith <31808>;;;;;;;;
GRGEM17-31809;Feistritz am Wechsel <31809>;;;;;;;;
GRGEM17-31810;Gloggnitz <31810>;;;;;;;;
GRGEM17-31811;Grafenbach-Sankt Valentin <31811>;;;;;;;;
GRGEM17-31812;Grimmenstein <31812>;;;;;;;;
GRGEM17-31813;Grünbach am Schneeberg <31813>;;;;;;;;
GRGEM17-31849;Höflein an der Hohen Wand <31849>;;;;;;;;
GRGEM17-31814;Kirchberg am Wechsel <31814>;;;;;;;;
GRGEM17-31815;Mönichkirchen <31815>;;;;;;;;
GRGEM17-31817;Natschbach-Loipersbach <31817>;;;;;;;;
GRGEM17-31818;Neunkirchen <31818>;;;;;;;;
GRGEM17-31820;Otterthal <31820>;;;;;;;;
GRGEM17-31821;Payerbach <31821>;;;;;;;;
GRGEM17-31823;Pitten <31823>;;;;;;;;
GRGEM17-31825;Prigglitz <31825>;;;;;;;;
GRGEM17-31826;Puchberg am Schneeberg <31826>;;;;;;;;
GRGEM17-31827;Raach am Hochgebirge <31827>;;;;;;;;
GRGEM17-31829;Reichenau an der Rax <31829>;;;;;;;;
GRGEM17-31830;Sankt Corona am Wechsel <31830>;;;;;;;;
GRGEM17-31831;Sankt Egyden am Steinfeld <31831>;;;;;;;;
GRGEM17-31832;Scheiblingkirchen-Thernberg <31832>;;;;;;;;
GRGEM17-31833;Schottwien <31833>;;;;;;;;
GRGEM17-31834;Schrattenbach <31834>;;;;;;;;
GRGEM17-31835;Schwarzau am Steinfeld <31835>;;;;;;;;
GRGEM17-31836;Schwarzau im Gebirge <31836>;;;;;;;;
GRGEM17-31837;Seebenstein <31837>;;;;;;;;
GRGEM17-31838;Semmering <31838>;;;;;;;;
GRGEM17-31839;Ternitz <31839>;;;;;;;;
GRGEM17-31840;Thomasberg <31840>;;;;;;;;
GRGEM17-31841;Trattenbach <31841>;;;;;;;;
GRGEM17-31843;Warth <31843>;;;;;;;;
GRGEM17-31844;Wartmannstetten <31844>;;;;;;;;
GRGEM17-31845;Willendorf <31845>;;;;;;;;
GRGEM17-31846;Wimpassing im Schwarzatale <31846>;;;;;;;;
GRGEM17-31847;Würflach <31847>;;;;;;;;
GRGEM17-31848;Zöbern <31848>;;;;;;;;
GRGEM17-31901;Altlengbach <31901>;;;;;;;;
GRGEM17-31902;Asperhofen <31902>;;;;;;;;
GRGEM17-31903;Böheimkirchen <31903>;;;;;;;;
GRGEM17-31904;Brand-Laaben <31904>;;;;;;;;
GRGEM17-31905;Eichgraben <31905>;;;;;;;;
GRGEM17-31906;Frankenfels <31906>;;;;;;;;
GRGEM17-31949;Gablitz <31949>;;;;;;;;
GRGEM17-31907;Gerersdorf <31907>;;;;;;;;
GRGEM17-31910;Hafnerbach <31910>;;;;;;;;
GRGEM17-31911;Haunoldstein <31911>;;;;;;;;
GRGEM17-31912;Herzogenburg <31912>;;;;;;;;
GRGEM17-31909;Hofstetten-Grünau <31909>;;;;;;;;
GRGEM17-31913;Inzersdorf-Getzersdorf <31913>;;;;;;;;
GRGEM17-31915;Kapelln <31915>;;;;;;;;
GRGEM17-31916;Karlstetten <31916>;;;;;;;;
GRGEM17-31917;Kasten bei Böheimkirchen <31917>;;;;;;;;
GRGEM17-31918;Kirchberg an der Pielach <31918>;;;;;;;;
GRGEM17-31919;Kirchstetten <31919>;;;;;;;;
GRGEM17-31920;Loich <31920>;;;;;;;;
GRGEM17-31921;Maria-Anzbach <31921>;;;;;;;;
GRGEM17-31922;Markersdorf-Haindorf <31922>;;;;;;;;
GRGEM17-31950;Mauerbach <31950>;;;;;;;;
GRGEM17-31923;Michelbach <31923>;;;;;;;;
GRGEM17-31925;Neidling <31925>;;;;;;;;
GRGEM17-31926;Neulengbach <31926>;;;;;;;;
GRGEM17-31927;Neustift-Innermanzing <31927>;;;;;;;;
GRGEM17-31928;Nußdorf ob der Traisen <31928>;;;;;;;;
GRGEM17-31929;Ober-Grafendorf <31929>;;;;;;;;
GRGEM17-31930;Obritzberg-Rust <31930>;;;;;;;;
GRGEM17-31951;Pressbaum <31951>;;;;;;;;
GRGEM17-31932;Prinzersdorf <31932>;;;;;;;;
GRGEM17-31952;Purkersdorf <31952>;;;;;;;;
GRGEM17-31934;Pyhra <31934>;;;;;;;;
GRGEM17-31935;Rabenstein an der Pielach <31935>;;;;;;;;
GRGEM17-31938;Sankt Margarethen an der Sierning <31938>;;;;;;;;
GRGEM17-31939;Schwarzenbach an der Pielach <31939>;;;;;;;;
GRGEM17-31940;Statzendorf <31940>;;;;;;;;
GRGEM17-31941;Stössing <31941>;;;;;;;;
GRGEM17-31943;Traismauer <31943>;;;;;;;;
GRGEM17-31953;Tullnerbach <31953>;;;;;;;;
GRGEM17-31945;Weinburg <31945>;;;;;;;;
GRGEM17-31946;Weißenkirchen an der Perschling <31946>;;;;;;;;
GRGEM17-31947;Wilhelmsburg <31947>;;;;;;;;
GRGEM17-31948;Wölbling <31948>;;;;;;;;
GRGEM17-31954;Wolfsgraben <31954>;;;;;;;;
GRGEM17-32001;Gaming <32001>;;;;;;;;
GRGEM17-32002;Göstling an der Ybbs <32002>;;;;;;;;
GRGEM17-32003;Gresten <32003>;;;;;;;;
GRGEM17-32004;Gresten-Land <32004>;;;;;;;;
GRGEM17-32005;Lunz am See <32005>;;;;;;;;
GRGEM17-32006;Oberndorf an der Melk <32006>;;;;;;;;
GRGEM17-32007;Puchenstuben <32007>;;;;;;;;
GRGEM17-32008;Purgstall an der Erlauf <32008>;;;;;;;;
GRGEM17-32009;Randegg <32009>;;;;;;;;
GRGEM17-32010;Reinsberg <32010>;;;;;;;;
GRGEM17-32011;Sankt Anton an der Jeßnitz <32011>;;;;;;;;
GRGEM17-32012;Sankt Georgen an der Leys <32012>;;;;;;;;
GRGEM17-32013;Scheibbs <32013>;;;;;;;;
GRGEM17-32014;Steinakirchen am Forst <32014>;;;;;;;;
GRGEM17-32015;Wang <32015>;;;;;;;;
GRGEM17-32016;Wieselburg <32016>;;;;;;;;
GRGEM17-32017;Wieselburg-Land <32017>;;;;;;;;
GRGEM17-32018;Wolfpassing <32018>;;;;;;;;
GRGEM17-32101;Absdorf <32101>;;;;;;;;
GRGEM17-32104;Atzenbrugg <32104>;;;;;;;;
GRGEM17-32106;Fels am Wagram <32106>;;;;;;;;
GRGEM17-32107;Grafenwörth <32107>;;;;;;;;
GRGEM17-32109;Großriedenthal <32109>;;;;;;;;
GRGEM17-32110;Großweikersdorf <32110>;;;;;;;;
GRGEM17-32112;Judenau-Baumgarten <32112>;;;;;;;;
GRGEM17-32114;Kirchberg am Wagram <32114>;;;;;;;;
GRGEM17-32144;Klosterneuburg <32144>;;;;;;;;
GRGEM17-32115;Königsbrunn am Wagram <32115>;;;;;;;;
GRGEM17-32116;Königstetten <32116>;;;;;;;;
GRGEM17-32119;Langenrohr <32119>;;;;;;;;
GRGEM17-32120;Michelhausen <32120>;;;;;;;;
GRGEM17-32143;Muckendorf-Wipfing <32143>;;;;;;;;
GRGEM17-32142;Sankt Andrä-Wördern <32142>;;;;;;;;
GRGEM17-32131;Sieghartskirchen <32131>;;;;;;;;
GRGEM17-32132;Sitzenberg-Reidling <32132>;;;;;;;;
GRGEM17-32134;Tulbing <32134>;;;;;;;;
GRGEM17-32135;Tulln an der Donau <32135>;;;;;;;;
GRGEM17-32139;Würmla <32139>;;;;;;;;
GRGEM17-32140;Zeiselmauer-Wolfpassing <32140>;;;;;;;;
GRGEM17-32141;Zwentendorf an der Donau <32141>;;;;;;;;
GRGEM17-32202;Dietmanns <32202>;;;;;;;;
GRGEM17-32203;Dobersberg <32203>;;;;;;;;
GRGEM17-32206;Gastern <32206>;;;;;;;;
GRGEM17-32207;Groß-Siegharts <32207>;;;;;;;;
GRGEM17-32209;Karlstein an der Thaya <32209>;;;;;;;;
GRGEM17-32210;Kautzen <32210>;;;;;;;;
GRGEM17-32212;Ludweis-Aigen <32212>;;;;;;;;
GRGEM17-32214;Pfaffenschlag bei Waidhofen a.d.Thaya<32214>;;;;;;;;
GRGEM17-32216;Raabs an der Thaya <32216>;;;;;;;;
GRGEM17-32217;Thaya <32217>;;;;;;;;
GRGEM17-32219;Vitis <32219>;;;;;;;;
GRGEM17-32220;Waidhofen an der Thaya <32220>;;;;;;;;
GRGEM17-32221;Waidhofen an der Thaya-Land <32221>;;;;;;;;
GRGEM17-32222;Waldkirchen an der Thaya <32222>;;;;;;;;
GRGEM17-32223;Windigsteig <32223>;;;;;;;;
GRGEM17-32306;Bad Erlach <32306>;;;;;;;;
GRGEM17-32301;Bad Fischau-Brunn <32301>;;;;;;;;
GRGEM17-32302;Bad Schönau <32302>;;;;;;;;
GRGEM17-32325;Bromberg <32325>;;;;;;;;
GRGEM17-32304;Ebenfurth <32304>;;;;;;;;
GRGEM17-32305;Eggendorf <32305>;;;;;;;;
GRGEM17-32307;Felixdorf <32307>;;;;;;;;
GRGEM17-32308;Gutenstein <32308>;;;;;;;;
GRGEM17-32309;Hochneukirchen-Gschaidt <32309>;;;;;;;;
GRGEM17-32310;Hochwolkersdorf <32310>;;;;;;;;
GRGEM17-32311;Hohe Wand <32311>;;;;;;;;
GRGEM17-32312;Hollenthon <32312>;;;;;;;;
GRGEM17-32313;Katzelsdorf <32313>;;;;;;;;
GRGEM17-32314;Kirchschlag in der Buckligen Welt <32314>;;;;;;;;
GRGEM17-32315;Krumbach <32315>;;;;;;;;
GRGEM17-32316;Lanzenkirchen <32316>;;;;;;;;
GRGEM17-32317;Lichtenegg <32317>;;;;;;;;
GRGEM17-32318;Lichtenwörth <32318>;;;;;;;;
GRGEM17-32319;Markt Piesting <32319>;;;;;;;;
GRGEM17-32320;Matzendorf-Hölles <32320>;;;;;;;;
GRGEM17-32321;Miesenbach <32321>;;;;;;;;
GRGEM17-32322;Muggendorf <32322>;;;;;;;;
GRGEM17-32323;Pernitz <32323>;;;;;;;;
GRGEM17-32324;Rohr im Gebirge <32324>;;;;;;;;
GRGEM17-32326;Schwarzenbach <32326>;;;;;;;;
GRGEM17-32327;Sollenau <32327>;;;;;;;;
GRGEM17-32330;Theresienfeld <32330>;;;;;;;;
GRGEM17-32331;Waidmannsfeld <32331>;;;;;;;;
GRGEM17-32332;Waldegg <32332>;;;;;;;;
GRGEM17-32333;Walpersbach <32333>;;;;;;;;
GRGEM17-32334;Weikersdorf am Steinfelde <32334>;;;;;;;;
GRGEM17-32335;Wiesmath <32335>;;;;;;;;
GRGEM17-32336;Winzendorf-Muthmannsdorf <32336>;;;;;;;;
GRGEM17-32337;Wöllersdorf-Steinabrückl <32337>;;;;;;;;
GRGEM17-32338;Zillingdorf <32338>;;;;;;;;
GRGEM17-32501;Allentsteig <32501>;;;;;;;;
GRGEM17-32519;Altmelon <32519>;;;;;;;;
GRGEM17-32502;Arbesbach <32502>;;;;;;;;
GRGEM17-32528;Bad Traunstein <32528>;;;;;;;;
GRGEM17-32503;Bärnkopf <32503>;;;;;;;;
GRGEM17-32504;Echsenbach <32504>;;;;;;;;
GRGEM17-32505;Göpfritz an der Wild <32505>;;;;;;;;
GRGEM17-32506;Grafenschlag <32506>;;;;;;;;
GRGEM17-32508;Groß Gerungs <32508>;;;;;;;;
GRGEM17-32509;Großgöttfritz <32509>;;;;;;;;
GRGEM17-32511;Gutenbrunn <32511>;;;;;;;;
GRGEM17-32514;Kirchschlag <32514>;;;;;;;;
GRGEM17-32515;Kottes-Purk <32515>;;;;;;;;
GRGEM17-32516;Langschlag <32516>;;;;;;;;
GRGEM17-32517;Martinsberg <32517>;;;;;;;;
GRGEM17-32518;Ottenschlag <32518>;;;;;;;;
GRGEM17-32520;Pölla <32520>;;;;;;;;
GRGEM17-32521;Rappottenstein <32521>;;;;;;;;
GRGEM17-32522;Sallingberg <32522>;;;;;;;;
GRGEM17-32523;Schönbach <32523>;;;;;;;;
GRGEM17-32524;Schwarzenau <32524>;;;;;;;;
GRGEM17-32525;Schweiggers <32525>;;;;;;;;
GRGEM17-32529;Waldhausen <32529>;;;;;;;;
GRGEM17-32530;Zwettl-Niederösterreich <32530>;;;;;;;;
GRGEM17-40101;Linz <40101>;;;;;;;;
GRGEM17-40201;Steyr <40201>;;;;;;;;
GRGEM17-40301;Wels <40301>;;;;;;;;
GRGEM17-40401;Altheim <40401>;;;;;;;;
GRGEM17-40402;Aspach <40402>;;;;;;;;
GRGEM17-40403;Auerbach <40403>;;;;;;;;
GRGEM17-40404;Braunau am Inn <40404>;;;;;;;;
GRGEM17-40405;Burgkirchen <40405>;;;;;;;;
GRGEM17-40406;Eggelsberg <40406>;;;;;;;;
GRGEM17-40407;Feldkirchen bei Mattighofen <40407>;;;;;;;;
GRGEM17-40408;Franking <40408>;;;;;;;;
GRGEM17-40409;Geretsberg <40409>;;;;;;;;
GRGEM17-40410;Gilgenberg am Weilhart <40410>;;;;;;;;
GRGEM17-40411;Haigermoos <40411>;;;;;;;;
GRGEM17-40412;Handenberg <40412>;;;;;;;;
GRGEM17-40413;Helpfau-Uttendorf <40413>;;;;;;;;
GRGEM17-40414;Hochburg-Ach <40414>;;;;;;;;
GRGEM17-40415;Höhnhart <40415>;;;;;;;;
GRGEM17-40416;Jeging <40416>;;;;;;;;
GRGEM17-40417;Kirchberg bei Mattighofen <40417>;;;;;;;;
GRGEM17-40418;Lengau <40418>;;;;;;;;
GRGEM17-40419;Lochen <40419>;;;;;;;;
GRGEM17-40420;Maria Schmolln <40420>;;;;;;;;
GRGEM17-40421;Mattighofen <40421>;;;;;;;;
GRGEM17-40422;Mauerkirchen <40422>;;;;;;;;
GRGEM17-40423;Mining <40423>;;;;;;;;
GRGEM17-40424;Moosbach <40424>;;;;;;;;
GRGEM17-40425;Moosdorf <40425>;;;;;;;;
GRGEM17-40426;Munderfing <40426>;;;;;;;;
GRGEM17-40427;Neukirchen an der Enknach <40427>;;;;;;;;
GRGEM17-40428;Ostermiething <40428>;;;;;;;;
GRGEM17-40429;Palting <40429>;;;;;;;;
GRGEM17-40430;Perwang am Grabensee <40430>;;;;;;;;
GRGEM17-40431;Pfaffstätt <40431>;;;;;;;;
GRGEM17-40432;Pischelsdorf am Engelbach <40432>;;;;;;;;
GRGEM17-40433;Polling im Innkreis <40433>;;;;;;;;
GRGEM17-40434;Roßbach <40434>;;;;;;;;
GRGEM17-40435;Sankt Georgen am Fillmannsbach <40435>;;;;;;;;
GRGEM17-40436;Sankt Johann am Walde <40436>;;;;;;;;
GRGEM17-40437;Sankt Pantaleon <40437>;;;;;;;;
GRGEM17-40438;Sankt Peter am Hart <40438>;;;;;;;;
GRGEM17-40439;Sankt Radegund <40439>;;;;;;;;
GRGEM17-40440;Sankt Veit im Innkreis <40440>;;;;;;;;
GRGEM17-40441;Schalchen <40441>;;;;;;;;
GRGEM17-40442;Schwand im Innkreis <40442>;;;;;;;;
GRGEM17-40443;Tarsdorf <40443>;;;;;;;;
GRGEM17-40444;Treubach <40444>;;;;;;;;
GRGEM17-40445;Überackern <40445>;;;;;;;;
GRGEM17-40446;Weng im Innkreis <40446>;;;;;;;;
GRGEM17-40501;Alkoven <40501>;;;;;;;;
GRGEM17-40502;Aschach an der Donau <40502>;;;;;;;;
GRGEM17-40503;Eferding <40503>;;;;;;;;
GRGEM17-40504;Fraham <40504>;;;;;;;;
GRGEM17-40505;Haibach ob der Donau <40505>;;;;;;;;
GRGEM17-40506;Hartkirchen <40506>;;;;;;;;
GRGEM17-40507;Hinzenbach <40507>;;;;;;;;
GRGEM17-40508;Prambachkirchen <40508>;;;;;;;;
GRGEM17-40509;Pupping <40509>;;;;;;;;
GRGEM17-40510;Sankt Marienkirchen an der Polsenz <40510>;;;;;;;;
GRGEM17-40511;Scharten <40511>;;;;;;;;
GRGEM17-40512;Stroheim <40512>;;;;;;;;
GRGEM17-40627;Bad Zell <40627>;;;;;;;;
GRGEM17-40601;Freistadt <40601>;;;;;;;;
GRGEM17-40602;Grünbach <40602>;;;;;;;;
GRGEM17-40603;Gutau <40603>;;;;;;;;
GRGEM17-40604;Hagenberg im Mühlkreis <40604>;;;;;;;;
GRGEM17-40605;Hirschbach im Mühlkreis <40605>;;;;;;;;
GRGEM17-40606;Kaltenberg <40606>;;;;;;;;
GRGEM17-40607;Kefermarkt <40607>;;;;;;;;
GRGEM17-40608;Königswiesen <40608>;;;;;;;;
GRGEM17-40609;Lasberg <40609>;;;;;;;;
GRGEM17-40610;Leopoldschlag <40610>;;;;;;;;
GRGEM17-40611;Liebenau <40611>;;;;;;;;
GRGEM17-40612;Neumarkt im Mühlkreis <40612>;;;;;;;;
GRGEM17-40613;Pierbach <40613>;;;;;;;;
GRGEM17-40614;Pregarten <40614>;;;;;;;;
GRGEM17-40615;Rainbach im Mühlkreis <40615>;;;;;;;;
GRGEM17-40616;Sandl <40616>;;;;;;;;
GRGEM17-40617;Sankt Leonhard bei Freistadt <40617>;;;;;;;;
GRGEM17-40618;Sankt Oswald bei Freistadt <40618>;;;;;;;;
GRGEM17-40619;Schönau im Mühlkreis <40619>;;;;;;;;
GRGEM17-40620;Tragwein <40620>;;;;;;;;
GRGEM17-40621;Unterweißenbach <40621>;;;;;;;;
GRGEM17-40622;Unterweitersdorf <40622>;;;;;;;;
GRGEM17-40623;Waldburg <40623>;;;;;;;;
GRGEM17-40624;Wartberg ob der Aist <40624>;;;;;;;;
GRGEM17-40625;Weitersfelden <40625>;;;;;;;;
GRGEM17-40626;Windhaag bei Freistadt <40626>;;;;;;;;
GRGEM17-40701;Altmünster <40701>;;;;;;;;
GRGEM17-40702;Bad Goisern am Hallstättersee <40702>;;;;;;;;
GRGEM17-40703;Bad Ischl <40703>;;;;;;;;
GRGEM17-40704;Ebensee am Traunsee <40704>;;;;;;;;
GRGEM17-40705;Gmunden <40705>;;;;;;;;
GRGEM17-40706;Gosau <40706>;;;;;;;;
GRGEM17-40707;Grünau im Almtal <40707>;;;;;;;;
GRGEM17-40708;Gschwandt <40708>;;;;;;;;
GRGEM17-40709;Hallstatt <40709>;;;;;;;;
GRGEM17-40710;Kirchham <40710>;;;;;;;;
GRGEM17-40711;Laakirchen <40711>;;;;;;;;
GRGEM17-40712;Obertraun <40712>;;;;;;;;
GRGEM17-40713;Ohlsdorf <40713>;;;;;;;;
GRGEM17-40714;Pinsdorf <40714>;;;;;;;;
GRGEM17-40715;Roitham <40715>;;;;;;;;
GRGEM17-40716;Sankt Konrad <40716>;;;;;;;;
GRGEM17-40717;Sankt Wolfgang im Salzkammergut <40717>;;;;;;;;
GRGEM17-40719;Scharnstein <40719>;;;;;;;;
GRGEM17-40718;Traunkirchen <40718>;;;;;;;;
GRGEM17-40720;Vorchdorf <40720>;;;;;;;;
GRGEM17-40801;Aistersheim <40801>;;;;;;;;
GRGEM17-40802;Bad Schallerbach <40802>;;;;;;;;
GRGEM17-40803;Bruck-Waasen <40803>;;;;;;;;
GRGEM17-40804;Eschenau im Hausruckkreis <40804>;;;;;;;;
GRGEM17-40805;Gallspach <40805>;;;;;;;;
GRGEM17-40806;Gaspoltshofen <40806>;;;;;;;;
GRGEM17-40807;Geboltskirchen <40807>;;;;;;;;
GRGEM17-40808;Grieskirchen <40808>;;;;;;;;
GRGEM17-40809;Haag am Hausruck <40809>;;;;;;;;
GRGEM17-40810;Heiligenberg <40810>;;;;;;;;
GRGEM17-40811;Hofkirchen an der Trattnach <40811>;;;;;;;;
GRGEM17-40812;Kallham <40812>;;;;;;;;
GRGEM17-40813;Kematen am Innbach <40813>;;;;;;;;
GRGEM17-40814;Meggenhofen <40814>;;;;;;;;
GRGEM17-40815;Michaelnbach <40815>;;;;;;;;
GRGEM17-40816;Natternbach <40816>;;;;;;;;
GRGEM17-40817;Neukirchen am Walde <40817>;;;;;;;;
GRGEM17-40818;Neumarkt im Hausruckkreis <40818>;;;;;;;;
GRGEM17-40819;Peuerbach <40819>;;;;;;;;
GRGEM17-40821;Pollham <40821>;;;;;;;;
GRGEM17-40820;Pötting <40820>;;;;;;;;
GRGEM17-40822;Pram <40822>;;;;;;;;
GRGEM17-40823;Rottenbach <40823>;;;;;;;;
GRGEM17-40824;Sankt Agatha <40824>;;;;;;;;
GRGEM17-40825;Sankt Georgen bei Grieskirchen <40825>;;;;;;;;
GRGEM17-40826;Sankt Thomas <40826>;;;;;;;;
GRGEM17-40827;Schlüßlberg <40827>;;;;;;;;
GRGEM17-40828;Steegen <40828>;;;;;;;;
GRGEM17-40829;Taufkirchen an der Trattnach <40829>;;;;;;;;
GRGEM17-40830;Tollet <40830>;;;;;;;;
GRGEM17-40831;Waizenkirchen <40831>;;;;;;;;
GRGEM17-40832;Wallern an der Trattnach <40832>;;;;;;;;
GRGEM17-40833;Weibern <40833>;;;;;;;;
GRGEM17-40834;Wendling <40834>;;;;;;;;
GRGEM17-40901;Edlbach <40901>;;;;;;;;
GRGEM17-40902;Grünburg <40902>;;;;;;;;
GRGEM17-40903;Hinterstoder <40903>;;;;;;;;
GRGEM17-40904;Inzersdorf im Kremstal <40904>;;;;;;;;
GRGEM17-40905;Kirchdorf an der Krems <40905>;;;;;;;;
GRGEM17-40906;Klaus an der Pyhrnbahn <40906>;;;;;;;;
GRGEM17-40907;Kremsmünster <40907>;;;;;;;;
GRGEM17-40908;Micheldorf in Oberösterreich <40908>;;;;;;;;
GRGEM17-40909;Molln <40909>;;;;;;;;
GRGEM17-40910;Nußbach <40910>;;;;;;;;
GRGEM17-40911;Oberschlierbach <40911>;;;;;;;;
GRGEM17-40912;Pettenbach <40912>;;;;;;;;
GRGEM17-40913;Ried im Traunkreis <40913>;;;;;;;;
GRGEM17-40914;Rosenau am Hengstpaß <40914>;;;;;;;;
GRGEM17-40915;Roßleithen <40915>;;;;;;;;
GRGEM17-40916;Sankt Pankraz <40916>;;;;;;;;
GRGEM17-40917;Schlierbach <40917>;;;;;;;;
GRGEM17-40918;Spital am Pyhrn <40918>;;;;;;;;
GRGEM17-40919;Steinbach am Ziehberg <40919>;;;;;;;;
GRGEM17-40920;Steinbach an der Steyr <40920>;;;;;;;;
GRGEM17-40921;Vorderstoder <40921>;;;;;;;;
GRGEM17-40922;Wartberg an der Krems <40922>;;;;;;;;
GRGEM17-40923;Windischgarsten <40923>;;;;;;;;
GRGEM17-41001;Allhaming <41001>;;;;;;;;
GRGEM17-41002;Ansfelden <41002>;;;;;;;;
GRGEM17-41003;Asten <41003>;;;;;;;;
GRGEM17-41004;Eggendorf im Traunkreis <41004>;;;;;;;;
GRGEM17-41005;Enns <41005>;;;;;;;;
GRGEM17-41006;Hargelsberg <41006>;;;;;;;;
GRGEM17-41008;Hofkirchen im Traunkreis <41008>;;;;;;;;
GRGEM17-41007;Hörsching <41007>;;;;;;;;
GRGEM17-41009;Kematen an der Krems <41009>;;;;;;;;
GRGEM17-41010;Kirchberg-Thening <41010>;;;;;;;;
GRGEM17-41011;Kronstorf <41011>;;;;;;;;
GRGEM17-41012;Leonding <41012>;;;;;;;;
GRGEM17-41014;Neuhofen an der Krems <41014>;;;;;;;;
GRGEM17-41015;Niederneukirchen <41015>;;;;;;;;
GRGEM17-41016;Oftering <41016>;;;;;;;;
GRGEM17-41017;Pasching <41017>;;;;;;;;
GRGEM17-41018;Piberbach <41018>;;;;;;;;
GRGEM17-41019;Pucking <41019>;;;;;;;;
GRGEM17-41013;Sankt Florian <41013>;;;;;;;;
GRGEM17-41020;Sankt Marien <41020>;;;;;;;;
GRGEM17-41021;Traun <41021>;;;;;;;;
GRGEM17-41022;Wilhering <41022>;;;;;;;;
GRGEM17-41101;Allerheiligen im Mühlkreis <41101>;;;;;;;;
GRGEM17-41102;Arbing <41102>;;;;;;;;
GRGEM17-41108;Bad Kreuzen <41108>;;;;;;;;
GRGEM17-41103;Baumgartenberg <41103>;;;;;;;;
GRGEM17-41104;Dimbach <41104>;;;;;;;;
GRGEM17-41105;Grein <41105>;;;;;;;;
GRGEM17-41106;Katsdorf <41106>;;;;;;;;
GRGEM17-41107;Klam <41107>;;;;;;;;
GRGEM17-41109;Langenstein <41109>;;;;;;;;
GRGEM17-41110;Luftenberg an der Donau <41110>;;;;;;;;
GRGEM17-41111;Mauthausen <41111>;;;;;;;;
GRGEM17-41112;Mitterkirchen im Machland <41112>;;;;;;;;
GRGEM17-41113;Münzbach <41113>;;;;;;;;
GRGEM17-41114;Naarn im Machlande <41114>;;;;;;;;
GRGEM17-41115;Pabneukirchen <41115>;;;;;;;;
GRGEM17-41116;Perg <41116>;;;;;;;;
GRGEM17-41117;Rechberg <41117>;;;;;;;;
GRGEM17-41118;Ried in der Riedmark <41118>;;;;;;;;
GRGEM17-41119;Sankt Georgen am Walde <41119>;;;;;;;;
GRGEM17-41120;Sankt Georgen an der Gusen <41120>;;;;;;;;
GRGEM17-41121;Sankt Nikola an der Donau <41121>;;;;;;;;
GRGEM17-41122;Sankt Thomas am Blasenstein <41122>;;;;;;;;
GRGEM17-41123;Saxen <41123>;;;;;;;;
GRGEM17-41124;Schwertberg <41124>;;;;;;;;
GRGEM17-41125;Waldhausen im Strudengau <41125>;;;;;;;;
GRGEM17-41126;Windhaag bei Perg <41126>;;;;;;;;
GRGEM17-41201;Andrichsfurt <41201>;;;;;;;;
GRGEM17-41202;Antiesenhofen <41202>;;;;;;;;
GRGEM17-41203;Aurolzmünster <41203>;;;;;;;;
GRGEM17-41204;Eberschwang <41204>;;;;;;;;
GRGEM17-41205;Eitzing <41205>;;;;;;;;
GRGEM17-41206;Geiersberg <41206>;;;;;;;;
GRGEM17-41207;Geinberg <41207>;;;;;;;;
GRGEM17-41208;Gurten <41208>;;;;;;;;
GRGEM17-41209;Hohenzell <41209>;;;;;;;;
GRGEM17-41210;Kirchdorf am Inn <41210>;;;;;;;;
GRGEM17-41211;Kirchheim im Innkreis <41211>;;;;;;;;
GRGEM17-41212;Lambrechten <41212>;;;;;;;;
GRGEM17-41213;Lohnsburg am Kobernaußerwald <41213>;;;;;;;;
GRGEM17-41214;Mehrnbach <41214>;;;;;;;;
GRGEM17-41215;Mettmach <41215>;;;;;;;;
GRGEM17-41216;Mörschwang <41216>;;;;;;;;
GRGEM17-41217;Mühlheim am Inn <41217>;;;;;;;;
GRGEM17-41218;Neuhofen im Innkreis <41218>;;;;;;;;
GRGEM17-41219;Obernberg am Inn <41219>;;;;;;;;
GRGEM17-41220;Ort im Innkreis <41220>;;;;;;;;
GRGEM17-41221;Pattigham <41221>;;;;;;;;
GRGEM17-41222;Peterskirchen <41222>;;;;;;;;
GRGEM17-41223;Pramet <41223>;;;;;;;;
GRGEM17-41224;Reichersberg <41224>;;;;;;;;
GRGEM17-41225;Ried im Innkreis <41225>;;;;;;;;
GRGEM17-41226;Sankt Georgen bei Obernberg am Inn <41226>;;;;;;;;
GRGEM17-41227;Sankt Marienkirchen am Hausruck <41227>;;;;;;;;
GRGEM17-41228;Sankt Martin im Innkreis <41228>;;;;;;;;
GRGEM17-41229;Schildorn <41229>;;;;;;;;
GRGEM17-41230;Senftenbach <41230>;;;;;;;;
GRGEM17-41231;Taiskirchen im Innkreis <41231>;;;;;;;;
GRGEM17-41232;Tumeltsham <41232>;;;;;;;;
GRGEM17-41233;Utzenaich <41233>;;;;;;;;
GRGEM17-41234;Waldzell <41234>;;;;;;;;
GRGEM17-41235;Weilbach <41235>;;;;;;;;
GRGEM17-41236;Wippenham <41236>;;;;;;;;
GRGEM17-41301;Afiesl <41301>;;;;;;;;
GRGEM17-41302;Ahorn <41302>;;;;;;;;
GRGEM17-41343;Aigen-Schlägl <41343>;;;;;;;;
GRGEM17-41304;Altenfelden <41304>;;;;;;;;
GRGEM17-41305;Arnreit <41305>;;;;;;;;
GRGEM17-41306;Atzesberg <41306>;;;;;;;;
GRGEM17-41307;Auberg <41307>;;;;;;;;
GRGEM17-41309;Haslach an der Mühl <41309>;;;;;;;;
GRGEM17-41310;Helfenberg <41310>;;;;;;;;
GRGEM17-41312;Hofkirchen im Mühlkreis <41312>;;;;;;;;
GRGEM17-41311;Hörbich <41311>;;;;;;;;
GRGEM17-41313;Julbach <41313>;;;;;;;;
GRGEM17-41314;Kirchberg ob der Donau <41314>;;;;;;;;
GRGEM17-41315;Klaffer am Hochficht <41315>;;;;;;;;
GRGEM17-41316;Kleinzell im Mühlkreis <41316>;;;;;;;;
GRGEM17-41317;Kollerschlag <41317>;;;;;;;;
GRGEM17-41318;Lembach im Mühlkreis <41318>;;;;;;;;
GRGEM17-41319;Lichtenau im Mühlkreis <41319>;;;;;;;;
GRGEM17-41320;Nebelberg <41320>;;;;;;;;
GRGEM17-41321;Neufelden <41321>;;;;;;;;
GRGEM17-41329;Neustift im Mühlkreis <41329>;;;;;;;;
GRGEM17-41322;Niederkappel <41322>;;;;;;;;
GRGEM17-41323;Niederwaldkirchen <41323>;;;;;;;;
GRGEM17-41324;Oberkappel <41324>;;;;;;;;
GRGEM17-41325;Oepping <41325>;;;;;;;;
GRGEM17-41326;Peilstein im Mühlviertel <41326>;;;;;;;;
GRGEM17-41327;Pfarrkirchen im Mühlkreis <41327>;;;;;;;;
GRGEM17-41328;Putzleinsdorf <41328>;;;;;;;;
GRGEM17-41344;Rohrbach-Berg <41344>;;;;;;;;
GRGEM17-41331;Sankt Johann am Wimberg <41331>;;;;;;;;
GRGEM17-41332;Sankt Martin im Mühlkreis <41332>;;;;;;;;
GRGEM17-41333;Sankt Oswald bei Haslach <41333>;;;;;;;;
GRGEM17-41334;Sankt Peter am Wimberg <41334>;;;;;;;;
GRGEM17-41335;Sankt Stefan am Walde <41335>;;;;;;;;
GRGEM17-41336;Sankt Ulrich im Mühlkreis <41336>;;;;;;;;
GRGEM17-41337;Sankt Veit im Mühlkreis <41337>;;;;;;;;
GRGEM17-41338;Sarleinsbach <41338>;;;;;;;;
GRGEM17-41340;Schönegg <41340>;;;;;;;;
GRGEM17-41341;Schwarzenberg am Böhmerwald <41341>;;;;;;;;
GRGEM17-41342;Ulrichsberg <41342>;;;;;;;;
GRGEM17-41401;Altschwendt <41401>;;;;;;;;
GRGEM17-41402;Andorf <41402>;;;;;;;;
GRGEM17-41403;Brunnenthal <41403>;;;;;;;;
GRGEM17-41404;Diersbach <41404>;;;;;;;;
GRGEM17-41405;Dorf an der Pram <41405>;;;;;;;;
GRGEM17-41406;Eggerding <41406>;;;;;;;;
GRGEM17-41407;Engelhartszell <41407>;;;;;;;;
GRGEM17-41408;Enzenkirchen <41408>;;;;;;;;
GRGEM17-41409;Esternberg <41409>;;;;;;;;
GRGEM17-41410;Freinberg <41410>;;;;;;;;
GRGEM17-41411;Kopfing im Innkreis <41411>;;;;;;;;
GRGEM17-41412;Mayrhof <41412>;;;;;;;;
GRGEM17-41413;Münzkirchen <41413>;;;;;;;;
GRGEM17-41414;Raab <41414>;;;;;;;;
GRGEM17-41415;Rainbach im Innkreis <41415>;;;;;;;;
GRGEM17-41416;Riedau <41416>;;;;;;;;
GRGEM17-41417;Sankt Aegidi <41417>;;;;;;;;
GRGEM17-41418;Sankt Florian am Inn <41418>;;;;;;;;
GRGEM17-41419;Sankt Marienkirchen bei Schärding <41419>;;;;;;;;
GRGEM17-41420;Sankt Roman <41420>;;;;;;;;
GRGEM17-41421;Sankt Willibald <41421>;;;;;;;;
GRGEM17-41423;Schardenberg <41423>;;;;;;;;
GRGEM17-41422;Schärding <41422>;;;;;;;;
GRGEM17-41424;Sigharting <41424>;;;;;;;;
GRGEM17-41425;Suben <41425>;;;;;;;;
GRGEM17-41426;Taufkirchen an der Pram <41426>;;;;;;;;
GRGEM17-41427;Vichtenstein <41427>;;;;;;;;
GRGEM17-41428;Waldkirchen am Wesen <41428>;;;;;;;;
GRGEM17-41429;Wernstein am Inn <41429>;;;;;;;;
GRGEM17-41430;Zell an der Pram <41430>;;;;;;;;
GRGEM17-41501;Adlwang <41501>;;;;;;;;
GRGEM17-41502;Aschach an der Steyr <41502>;;;;;;;;
GRGEM17-41503;Bad Hall <41503>;;;;;;;;
GRGEM17-41504;Dietach <41504>;;;;;;;;
GRGEM17-41505;Gaflenz <41505>;;;;;;;;
GRGEM17-41506;Garsten <41506>;;;;;;;;
GRGEM17-41507;Großraming <41507>;;;;;;;;
GRGEM17-41508;Laussa <41508>;;;;;;;;
GRGEM17-41509;Losenstein <41509>;;;;;;;;
GRGEM17-41510;Maria Neustift <41510>;;;;;;;;
GRGEM17-41511;Pfarrkirchen bei Bad Hall <41511>;;;;;;;;
GRGEM17-41512;Reichraming <41512>;;;;;;;;
GRGEM17-41513;Rohr im Kremstal <41513>;;;;;;;;
GRGEM17-41514;Sankt Ulrich bei Steyr <41514>;;;;;;;;
GRGEM17-41515;Schiedlberg <41515>;;;;;;;;
GRGEM17-41516;Sierning <41516>;;;;;;;;
GRGEM17-41517;Ternberg <41517>;;;;;;;;
GRGEM17-41518;Waldneukirchen <41518>;;;;;;;;
GRGEM17-41522;Weyer <41522>;;;;;;;;
GRGEM17-41521;Wolfern <41521>;;;;;;;;
GRGEM17-41601;Alberndorf in der Riedmark <41601>;;;;;;;;
GRGEM17-41602;Altenberg bei Linz <41602>;;;;;;;;
GRGEM17-41603;Bad Leonfelden <41603>;;;;;;;;
GRGEM17-41604;Eidenberg <41604>;;;;;;;;
GRGEM17-41605;Engerwitzdorf <41605>;;;;;;;;
GRGEM17-41606;Feldkirchen an der Donau <41606>;;;;;;;;
GRGEM17-41607;Gallneukirchen <41607>;;;;;;;;
GRGEM17-41608;Goldwörth <41608>;;;;;;;;
GRGEM17-41609;Gramastetten <41609>;;;;;;;;
GRGEM17-41610;Haibach im Mühlkreis <41610>;;;;;;;;
GRGEM17-41611;Hellmonsödt <41611>;;;;;;;;
GRGEM17-41612;Herzogsdorf <41612>;;;;;;;;
GRGEM17-41613;Kirchschlag bei Linz <41613>;;;;;;;;
GRGEM17-41614;Lichtenberg <41614>;;;;;;;;
GRGEM17-41615;Oberneukirchen <41615>;;;;;;;;
GRGEM17-41616;Ottenschlag im Mühlkreis <41616>;;;;;;;;
GRGEM17-41617;Ottensheim <41617>;;;;;;;;
GRGEM17-41618;Puchenau <41618>;;;;;;;;
GRGEM17-41619;Reichenau im Mühlkreis <41619>;;;;;;;;
GRGEM17-41620;Reichenthal <41620>;;;;;;;;
GRGEM17-41621;Sankt Gotthard im Mühlkreis <41621>;;;;;;;;
GRGEM17-41622;Schenkenfelden <41622>;;;;;;;;
GRGEM17-41623;Sonnberg im Mühlkreis <41623>;;;;;;;;
GRGEM17-41624;Steyregg <41624>;;;;;;;;
GRGEM17-41625;Vorderweißenbach <41625>;;;;;;;;
GRGEM17-41626;Walding <41626>;;;;;;;;
GRGEM17-41627;Zwettl an der Rodl <41627>;;;;;;;;
GRGEM17-41701;Ampflwang im Hausruckwald <41701>;;;;;;;;
GRGEM17-41702;Attersee am Attersee <41702>;;;;;;;;
GRGEM17-41703;Attnang-Puchheim <41703>;;;;;;;;
GRGEM17-41704;Atzbach <41704>;;;;;;;;
GRGEM17-41705;Aurach am Hongar <41705>;;;;;;;;
GRGEM17-41706;Berg im Attergau <41706>;;;;;;;;
GRGEM17-41707;Desselbrunn <41707>;;;;;;;;
GRGEM17-41708;Fornach <41708>;;;;;;;;
GRGEM17-41709;Frankenburg am Hausruck <41709>;;;;;;;;
GRGEM17-41710;Frankenmarkt <41710>;;;;;;;;
GRGEM17-41711;Gampern <41711>;;;;;;;;
GRGEM17-41712;Innerschwand am Mondsee <41712>;;;;;;;;
GRGEM17-41713;Lenzing <41713>;;;;;;;;
GRGEM17-41714;Manning <41714>;;;;;;;;
GRGEM17-41715;Mondsee <41715>;;;;;;;;
GRGEM17-41716;Neukirchen an der Vöckla <41716>;;;;;;;;
GRGEM17-41717;Niederthalheim <41717>;;;;;;;;
GRGEM17-41718;Nußdorf am Attersee <41718>;;;;;;;;
GRGEM17-41719;Oberhofen am Irrsee <41719>;;;;;;;;
GRGEM17-41720;Oberndorf bei Schwanenstadt <41720>;;;;;;;;
GRGEM17-41721;Oberwang <41721>;;;;;;;;
GRGEM17-41722;Ottnang am Hausruck <41722>;;;;;;;;
GRGEM17-41723;Pfaffing <41723>;;;;;;;;
GRGEM17-41724;Pilsbach <41724>;;;;;;;;
GRGEM17-41725;Pitzenberg <41725>;;;;;;;;
GRGEM17-41726;Pöndorf <41726>;;;;;;;;
GRGEM17-41727;Puchkirchen am Trattberg <41727>;;;;;;;;
GRGEM17-41728;Pühret <41728>;;;;;;;;
GRGEM17-41729;Redleiten <41729>;;;;;;;;
GRGEM17-41730;Redlham <41730>;;;;;;;;
GRGEM17-41731;Regau <41731>;;;;;;;;
GRGEM17-41732;Rüstorf <41732>;;;;;;;;
GRGEM17-41733;Rutzenham <41733>;;;;;;;;
GRGEM17-41734;Sankt Georgen im Attergau <41734>;;;;;;;;
GRGEM17-41735;Sankt Lorenz <41735>;;;;;;;;
GRGEM17-41736;Schlatt <41736>;;;;;;;;
GRGEM17-41737;Schörfling am Attersee <41737>;;;;;;;;
GRGEM17-41738;Schwanenstadt <41738>;;;;;;;;
GRGEM17-41739;Seewalchen am Attersee <41739>;;;;;;;;
GRGEM17-41740;Steinbach am Attersee <41740>;;;;;;;;
GRGEM17-41741;Straß im Attergau <41741>;;;;;;;;
GRGEM17-41742;Tiefgraben <41742>;;;;;;;;
GRGEM17-41743;Timelkam <41743>;;;;;;;;
GRGEM17-41744;Ungenach <41744>;;;;;;;;
GRGEM17-41745;Unterach am Attersee <41745>;;;;;;;;
GRGEM17-41746;Vöcklabruck <41746>;;;;;;;;
GRGEM17-41747;Vöcklamarkt <41747>;;;;;;;;
GRGEM17-41748;Weißenkirchen im Attergau <41748>;;;;;;;;
GRGEM17-41749;Weyregg am Attersee <41749>;;;;;;;;
GRGEM17-41750;Wolfsegg am Hausruck <41750>;;;;;;;;
GRGEM17-41751;Zell am Moos <41751>;;;;;;;;
GRGEM17-41752;Zell am Pettenfirst <41752>;;;;;;;;
GRGEM17-41801;Aichkirchen <41801>;;;;;;;;
GRGEM17-41802;Bachmanning <41802>;;;;;;;;
GRGEM17-41803;Bad Wimsbach-Neydharting <41803>;;;;;;;;
GRGEM17-41804;Buchkirchen <41804>;;;;;;;;
GRGEM17-41805;Eberstalzell <41805>;;;;;;;;
GRGEM17-41806;Edt bei Lambach <41806>;;;;;;;;
GRGEM17-41807;Fischlham <41807>;;;;;;;;
GRGEM17-41808;Gunskirchen <41808>;;;;;;;;
GRGEM17-41809;Holzhausen <41809>;;;;;;;;
GRGEM17-41810;Krenglbach <41810>;;;;;;;;
GRGEM17-41811;Lambach <41811>;;;;;;;;
GRGEM17-41812;Marchtrenk <41812>;;;;;;;;
GRGEM17-41813;Neukirchen bei Lambach <41813>;;;;;;;;
GRGEM17-41814;Offenhausen <41814>;;;;;;;;
GRGEM17-41815;Pennewang <41815>;;;;;;;;
GRGEM17-41816;Pichl bei Wels <41816>;;;;;;;;
GRGEM17-41817;Sattledt <41817>;;;;;;;;
GRGEM17-41818;Schleißheim <41818>;;;;;;;;
GRGEM17-41819;Sipbachzell <41819>;;;;;;;;
GRGEM17-41820;Stadl-Paura <41820>;;;;;;;;
GRGEM17-41821;Steinerkirchen an der Traun <41821>;;;;;;;;
GRGEM17-41822;Steinhaus <41822>;;;;;;;;
GRGEM17-41823;Thalheim bei Wels <41823>;;;;;;;;
GRGEM17-41824;Weißkirchen an der Traun <41824>;;;;;;;;
GRGEM17-50101;Salzburg <50101>;;;;;;;;
GRGEM17-50201;Abtenau <50201>;;;;;;;;
GRGEM17-50202;Adnet <50202>;;;;;;;;
GRGEM17-50203;Annaberg-Lungötz <50203>;;;;;;;;
GRGEM17-50213;Bad Vigaun <50213>;;;;;;;;
GRGEM17-50204;Golling an der Salzach <50204>;;;;;;;;
GRGEM17-50205;Hallein <50205>;;;;;;;;
GRGEM17-50206;Krispl <50206>;;;;;;;;
GRGEM17-50207;Kuchl <50207>;;;;;;;;
GRGEM17-50208;Oberalm <50208>;;;;;;;;
GRGEM17-50209;Puch bei Hallein <50209>;;;;;;;;
GRGEM17-50210;Rußbach am Paß Gschütt <50210>;;;;;;;;
GRGEM17-50211;Sankt Koloman <50211>;;;;;;;;
GRGEM17-50212;Scheffau am Tennengebirge <50212>;;;;;;;;
GRGEM17-50301;Anif <50301>;;;;;;;;
GRGEM17-50302;Anthering <50302>;;;;;;;;
GRGEM17-50303;Bergheim <50303>;;;;;;;;
GRGEM17-50304;Berndorf bei Salzburg <50304>;;;;;;;;
GRGEM17-50305;Bürmoos <50305>;;;;;;;;
GRGEM17-50306;Dorfbeuern <50306>;;;;;;;;
GRGEM17-50307;Ebenau <50307>;;;;;;;;
GRGEM17-50308;Elixhausen <50308>;;;;;;;;
GRGEM17-50309;Elsbethen <50309>;;;;;;;;
GRGEM17-50310;Eugendorf <50310>;;;;;;;;
GRGEM17-50311;Faistenau <50311>;;;;;;;;
GRGEM17-50312;Fuschl am See <50312>;;;;;;;;
GRGEM17-50313;Göming <50313>;;;;;;;;
GRGEM17-50314;Grödig <50314>;;;;;;;;
GRGEM17-50315;Großgmain <50315>;;;;;;;;
GRGEM17-50316;Hallwang <50316>;;;;;;;;
GRGEM17-50317;Henndorf am Wallersee <50317>;;;;;;;;
GRGEM17-50318;Hintersee <50318>;;;;;;;;
GRGEM17-50319;Hof bei Salzburg <50319>;;;;;;;;
GRGEM17-50321;Koppl <50321>;;;;;;;;
GRGEM17-50320;Köstendorf <50320>;;;;;;;;
GRGEM17-50322;Lamprechtshausen <50322>;;;;;;;;
GRGEM17-50323;Mattsee <50323>;;;;;;;;
GRGEM17-50324;Neumarkt am Wallersee <50324>;;;;;;;;
GRGEM17-50325;Nußdorf am Haunsberg <50325>;;;;;;;;
GRGEM17-50326;Oberndorf bei Salzburg <50326>;;;;;;;;
GRGEM17-50327;Obertrum am See <50327>;;;;;;;;
GRGEM17-50328;Plainfeld <50328>;;;;;;;;
GRGEM17-50329;Sankt Georgen bei Salzburg <50329>;;;;;;;;
GRGEM17-50330;Sankt Gilgen <50330>;;;;;;;;
GRGEM17-50331;Schleedorf <50331>;;;;;;;;
GRGEM17-50332;Seeham <50332>;;;;;;;;
GRGEM17-50339;Seekirchen am Wallersee <50339>;;;;;;;;
GRGEM17-50335;Straßwalchen <50335>;;;;;;;;
GRGEM17-50336;Strobl <50336>;;;;;;;;
GRGEM17-50337;Thalgau <50337>;;;;;;;;
GRGEM17-50338;Wals-Siezenheim <50338>;;;;;;;;
GRGEM17-50401;Altenmarkt im Pongau <50401>;;;;;;;;
GRGEM17-50403;Bad Gastein <50403>;;;;;;;;
GRGEM17-50402;Bad Hofgastein <50402>;;;;;;;;
GRGEM17-50404;Bischofshofen <50404>;;;;;;;;
GRGEM17-50405;Dorfgastein <50405>;;;;;;;;
GRGEM17-50406;Eben im Pongau <50406>;;;;;;;;
GRGEM17-50407;Filzmoos <50407>;;;;;;;;
GRGEM17-50408;Flachau <50408>;;;;;;;;
GRGEM17-50409;Forstau <50409>;;;;;;;;
GRGEM17-50410;Goldegg <50410>;;;;;;;;
GRGEM17-50411;Großarl <50411>;;;;;;;;
GRGEM17-50412;Hüttau <50412>;;;;;;;;
GRGEM17-50413;Hüttschlag <50413>;;;;;;;;
GRGEM17-50414;Kleinarl <50414>;;;;;;;;
GRGEM17-50415;Mühlbach am Hochkönig <50415>;;;;;;;;
GRGEM17-50416;Pfarrwerfen <50416>;;;;;;;;
GRGEM17-50417;Radstadt <50417>;;;;;;;;
GRGEM17-50418;Sankt Johann im Pongau <50418>;;;;;;;;
GRGEM17-50419;Sankt Martin am Tennengebirge <50419>;;;;;;;;
GRGEM17-50420;Sankt Veit im Pongau <50420>;;;;;;;;
GRGEM17-50421;Schwarzach im Pongau <50421>;;;;;;;;
GRGEM17-50422;Untertauern <50422>;;;;;;;;
GRGEM17-50423;Wagrain <50423>;;;;;;;;
GRGEM17-50424;Werfen <50424>;;;;;;;;
GRGEM17-50425;Werfenweng <50425>;;;;;;;;
GRGEM17-50501;Göriach <50501>;;;;;;;;
GRGEM17-50502;Lessach <50502>;;;;;;;;
GRGEM17-50503;Mariapfarr <50503>;;;;;;;;
GRGEM17-50504;Mauterndorf <50504>;;;;;;;;
GRGEM17-50505;Muhr <50505>;;;;;;;;
GRGEM17-50506;Ramingstein <50506>;;;;;;;;
GRGEM17-50507;Sankt Andrä im Lungau <50507>;;;;;;;;
GRGEM17-50508;Sankt Margarethen im Lungau <50508>;;;;;;;;
GRGEM17-50509;Sankt Michael im Lungau <50509>;;;;;;;;
GRGEM17-50510;Tamsweg <50510>;;;;;;;;
GRGEM17-50511;Thomatal <50511>;;;;;;;;
GRGEM17-50512;Tweng <50512>;;;;;;;;
GRGEM17-50513;Unternberg <50513>;;;;;;;;
GRGEM17-50514;Weißpriach <50514>;;;;;;;;
GRGEM17-50515;Zederhaus <50515>;;;;;;;;
GRGEM17-50601;Bramberg am Wildkogel <50601>;;;;;;;;
GRGEM17-50602;Bruck an der Großglocknerstraße <50602>;;;;;;;;
GRGEM17-50603;Dienten am Hochkönig <50603>;;;;;;;;
GRGEM17-50604;Fusch an der Großglocknerstraße <50604>;;;;;;;;
GRGEM17-50605;Hollersbach im Pinzgau <50605>;;;;;;;;
GRGEM17-50606;Kaprun <50606>;;;;;;;;
GRGEM17-50607;Krimml <50607>;;;;;;;;
GRGEM17-50608;Lend <50608>;;;;;;;;
GRGEM17-50609;Leogang <50609>;;;;;;;;
GRGEM17-50610;Lofer <50610>;;;;;;;;
GRGEM17-50611;Maishofen <50611>;;;;;;;;
GRGEM17-50612;Maria Alm am Steinernen Meer <50612>;;;;;;;;
GRGEM17-50613;Mittersill <50613>;;;;;;;;
GRGEM17-50614;Neukirchen am Großvenediger <50614>;;;;;;;;
GRGEM17-50615;Niedernsill <50615>;;;;;;;;
GRGEM17-50616;Piesendorf <50616>;;;;;;;;
GRGEM17-50617;Rauris <50617>;;;;;;;;
GRGEM17-50618;Saalbach-Hinterglemm <50618>;;;;;;;;
GRGEM17-50619;Saalfelden am Steinernen Meer <50619>;;;;;;;;
GRGEM17-50620;Sankt Martin bei Lofer <50620>;;;;;;;;
GRGEM17-50621;Stuhlfelden <50621>;;;;;;;;
GRGEM17-50622;Taxenbach <50622>;;;;;;;;
GRGEM17-50623;Unken <50623>;;;;;;;;
GRGEM17-50624;Uttendorf <50624>;;;;;;;;
GRGEM17-50625;Viehhofen <50625>;;;;;;;;
GRGEM17-50626;Wald im Pinzgau <50626>;;;;;;;;
GRGEM17-50627;Weißbach bei Lofer <50627>;;;;;;;;
GRGEM17-50628;Zell am See <50628>;;;;;;;;
GRGEM17-60101;Graz <60101>;;;;;;;;
GRGEM17-60344;Deutschlandsberg <60344>;;;;;;;;
GRGEM17-60345;Eibiswald <60345>;;;;;;;;
GRGEM17-60305;Frauental an der Laßnitz <60305>;;;;;;;;
GRGEM17-60346;Groß Sankt Florian <60346>;;;;;;;;
GRGEM17-60318;Lannach <60318>;;;;;;;;
GRGEM17-60323;Pölfing-Brunn <60323>;;;;;;;;
GRGEM17-60324;Preding <60324>;;;;;;;;
GRGEM17-60326;Sankt Josef (Weststeiermark) <60326>;;;;;;;;
GRGEM17-60347;Sankt Martin im Sulmtal <60347>;;;;;;;;
GRGEM17-60329;Sankt Peter im Sulmtal <60329>;;;;;;;;
GRGEM17-60348;Sankt Stefan ob Stainz <60348>;;;;;;;;
GRGEM17-60349;Schwanberg <60349>;;;;;;;;
GRGEM17-60350;Stainz <60350>;;;;;;;;
GRGEM17-60341;Wettmannstätten <60341>;;;;;;;;
GRGEM17-60351;Wies <60351>;;;;;;;;
GRGEM17-60659;Deutschfeistritz <60659>;;;;;;;;
GRGEM17-60660;Dobl-Zwaring <60660>;;;;;;;;
GRGEM17-60661;Eggersdorf bei Graz <60661>;;;;;;;;
GRGEM17-60608;Feldkirchen bei Graz <60608>;;;;;;;;
GRGEM17-60662;Fernitz-Mellach <60662>;;;;;;;;
GRGEM17-60663;Frohnleiten <60663>;;;;;;;;
GRGEM17-60611;Gössendorf <60611>;;;;;;;;
GRGEM17-60613;Gratkorn <60613>;;;;;;;;
GRGEM17-60664;Gratwein-Straßengel <60664>;;;;;;;;
GRGEM17-60617;Hart bei Graz <60617>;;;;;;;;
GRGEM17-60618;Haselsdorf-Tobelbad <60618>;;;;;;;;
GRGEM17-60619;Hausmannstätten <60619>;;;;;;;;
GRGEM17-60665;Hitzendorf <60665>;;;;;;;;
GRGEM17-60623;Kainbach bei Graz <60623>;;;;;;;;
GRGEM17-60624;Kalsdorf bei Graz <60624>;;;;;;;;
GRGEM17-60626;Kumberg <60626>;;;;;;;;
GRGEM17-60628;Laßnitzhöhe <60628>;;;;;;;;
GRGEM17-60629;Lieboch <60629>;;;;;;;;
GRGEM17-60666;Nestelbach bei Graz <60666>;;;;;;;;
GRGEM17-60632;Peggau <60632>;;;;;;;;
GRGEM17-60670;Premstätten <60670>;;;;;;;;
GRGEM17-60667;Raaba-Grambach <60667>;;;;;;;;
GRGEM17-60639;Sankt Bartholomä <60639>;;;;;;;;
GRGEM17-60668;Sankt Marein bei Graz <60668>;;;;;;;;
GRGEM17-60641;Sankt Oswald bei Plankenwarth <60641>;;;;;;;;
GRGEM17-60642;Sankt Radegund bei Graz <60642>;;;;;;;;
GRGEM17-60669;Seiersberg-Pirka <60669>;;;;;;;;
GRGEM17-60645;Semriach <60645>;;;;;;;;
GRGEM17-60646;Stattegg <60646>;;;;;;;;
GRGEM17-60647;Stiwoll <60647>;;;;;;;;
GRGEM17-60648;Thal <60648>;;;;;;;;
GRGEM17-60651;Übelbach <60651>;;;;;;;;
GRGEM17-60653;Vasoldsberg <60653>;;;;;;;;
GRGEM17-60654;Weinitzen <60654>;;;;;;;;
GRGEM17-60655;Werndorf <60655>;;;;;;;;
GRGEM17-60656;Wundschuh <60656>;;;;;;;;
GRGEM17-61001;Allerheiligen bei Wildon <61001>;;;;;;;;
GRGEM17-61002;Arnfels <61002>;;;;;;;;
GRGEM17-61049;Ehrenhausen  an der Weinstraße <61049>;;;;;;;;
GRGEM17-61007;Empersdorf <61007>;;;;;;;;
GRGEM17-61008;Gabersdorf <61008>;;;;;;;;
GRGEM17-61050;Gamlitz <61050>;;;;;;;;
GRGEM17-61051;Gleinstätten <61051>;;;;;;;;
GRGEM17-61012;Gralla <61012>;;;;;;;;
GRGEM17-61013;Großklein <61013>;;;;;;;;
GRGEM17-61052;Heiligenkreuz am Waasen <61052>;;;;;;;;
GRGEM17-61016;Heimschuh <61016>;;;;;;;;
GRGEM17-61017;Hengsberg <61017>;;;;;;;;
GRGEM17-61019;Kitzeck im Sausal <61019>;;;;;;;;
GRGEM17-61020;Lang <61020>;;;;;;;;
GRGEM17-61021;Lebring-Sankt Margarethen <61021>;;;;;;;;
GRGEM17-61053;Leibnitz <61053>;;;;;;;;
GRGEM17-61054;Leutschach an der Weinstraße <61054>;;;;;;;;
GRGEM17-61024;Oberhaag <61024>;;;;;;;;
GRGEM17-61027;Ragnitz <61027>;;;;;;;;
GRGEM17-61030;Sankt Andrä-Höch <61030>;;;;;;;;
GRGEM17-61055;Sankt Georgen an der Stiefing <61055>;;;;;;;;
GRGEM17-61032;Sankt Johann im Saggautal <61032>;;;;;;;;
GRGEM17-61033;Sankt Nikolai im Sausal <61033>;;;;;;;;
GRGEM17-61056;Sankt Veit in der Südsteiermark <61056>;;;;;;;;
GRGEM17-61057;Schwarzautal <61057>;;;;;;;;
GRGEM17-61058;Straß in Steiermark <61058>;;;;;;;;
GRGEM17-61043;Tillmitsch <61043>;;;;;;;;
GRGEM17-61045;Wagna <61045>;;;;;;;;
GRGEM17-61059;Wildon <61059>;;;;;;;;
GRGEM17-61101;Eisenerz <61101>;;;;;;;;
GRGEM17-61105;Kalwang <61105>;;;;;;;;
GRGEM17-61106;Kammern im Liesingtal <61106>;;;;;;;;
GRGEM17-61107;Kraubath an der Mur <61107>;;;;;;;;
GRGEM17-61108;Leoben <61108>;;;;;;;;
GRGEM17-61109;Mautern in Steiermark <61109>;;;;;;;;
GRGEM17-61110;Niklasdorf <61110>;;;;;;;;
GRGEM17-61111;Proleb <61111>;;;;;;;;
GRGEM17-61112;Radmer <61112>;;;;;;;;
GRGEM17-61113;Sankt Michael in Obersteiermark <61113>;;;;;;;;
GRGEM17-61114;Sankt Peter-Freienstein <61114>;;;;;;;;
GRGEM17-61115;Sankt Stefan ob Leoben <61115>;;;;;;;;
GRGEM17-61116;Traboch <61116>;;;;;;;;
GRGEM17-61120;Trofaiach <61120>;;;;;;;;
GRGEM17-61118;Vordernberg <61118>;;;;;;;;
GRGEM17-61119;Wald am Schoberpaß <61119>;;;;;;;;
GRGEM17-61253;Admont <61253>;;;;;;;;
GRGEM17-61254;Aich <61254>;;;;;;;;
GRGEM17-61203;Aigen im Ennstal <61203>;;;;;;;;
GRGEM17-61204;Altaussee <61204>;;;;;;;;
GRGEM17-61205;Altenmarkt bei Sankt Gallen <61205>;;;;;;;;
GRGEM17-61206;Ardning <61206>;;;;;;;;
GRGEM17-61207;Bad Aussee <61207>;;;;;;;;
GRGEM17-61255;Bad Mitterndorf <61255>;;;;;;;;
GRGEM17-61256;Gaishorn am See <61256>;;;;;;;;
GRGEM17-61213;Gröbming <61213>;;;;;;;;
GRGEM17-61215;Grundlsee <61215>;;;;;;;;
GRGEM17-61217;Haus <61217>;;;;;;;;
GRGEM17-61257;Irdning-Donnersbachtal <61257>;;;;;;;;
GRGEM17-61258;Landl <61258>;;;;;;;;
GRGEM17-61222;Lassing <61222>;;;;;;;;
GRGEM17-61259;Liezen <61259>;;;;;;;;
GRGEM17-61260;Michaelerberg-Pruggern <61260>;;;;;;;;
GRGEM17-61261;Mitterberg-Sankt Martin <61261>;;;;;;;;
GRGEM17-61262;Öblarn <61262>;;;;;;;;
GRGEM17-61236;Ramsau am Dachstein <61236>;;;;;;;;
GRGEM17-61263;Rottenmann <61263>;;;;;;;;
GRGEM17-61264;Sankt Gallen <61264>;;;;;;;;
GRGEM17-61265;Schladming <61265>;;;;;;;;
GRGEM17-61243;Selzthal <61243>;;;;;;;;
GRGEM17-61266;Sölk <61266>;;;;;;;;
GRGEM17-61267;Stainach-Pürgg <61267>;;;;;;;;
GRGEM17-61247;Trieben <61247>;;;;;;;;
GRGEM17-61251;Wildalpen <61251>;;;;;;;;
GRGEM17-61252;Wörschach <61252>;;;;;;;;
GRGEM17-61437;Krakau <61437>;;;;;;;;
GRGEM17-61410;Mühlen <61410>;;;;;;;;
GRGEM17-61438;Murau <61438>;;;;;;;;
GRGEM17-61439;Neumarkt in der Steiermark <61439>;;;;;;;;
GRGEM17-61413;Niederwölz <61413>;;;;;;;;
GRGEM17-61440;Oberwölz  <61440>;;;;;;;;
GRGEM17-61441;Ranten <61441>;;;;;;;;
GRGEM17-61442;Sankt Georgen am Kreischberg <61442>;;;;;;;;
GRGEM17-61443;Sankt Lambrecht <61443>;;;;;;;;
GRGEM17-61425;Sankt Peter am Kammersberg <61425>;;;;;;;;
GRGEM17-61444;Scheifling <61444>;;;;;;;;
GRGEM17-61428;Schöder <61428>;;;;;;;;
GRGEM17-61445;Stadl-Predlitz <61445>;;;;;;;;
GRGEM17-61446;Teufenbach-Katsch <61446>;;;;;;;;
GRGEM17-61626;Bärnbach <61626>;;;;;;;;
GRGEM17-61627;Edelschrott <61627>;;;;;;;;
GRGEM17-61628;Geistthal-Södingberg <61628>;;;;;;;;
GRGEM17-61629;Hirschegg-Pack <61629>;;;;;;;;
GRGEM17-61630;Kainach bei Voitsberg <61630>;;;;;;;;
GRGEM17-61631;Köflach <61631>;;;;;;;;
GRGEM17-61611;Krottendorf-Gaisfeld <61611>;;;;;;;;
GRGEM17-61612;Ligist <61612>;;;;;;;;
GRGEM17-61632;Maria Lankowitz <61632>;;;;;;;;
GRGEM17-61615;Mooskirchen <61615>;;;;;;;;
GRGEM17-61618;Rosental an der Kainach <61618>;;;;;;;;
GRGEM17-61621;Sankt Martin am Wöllmißberg <61621>;;;;;;;;
GRGEM17-61633;Söding-Sankt Johann <61633>;;;;;;;;
GRGEM17-61624;Stallhofen <61624>;;;;;;;;
GRGEM17-61625;Voitsberg <61625>;;;;;;;;
GRGEM17-61701;Albersdorf-Prebuch <61701>;;;;;;;;
GRGEM17-61756;Anger <61756>;;;;;;;;
GRGEM17-61757;Birkfeld <61757>;;;;;;;;
GRGEM17-61708;Fischbach <61708>;;;;;;;;
GRGEM17-61758;Fladnitz an der Teichalm <61758>;;;;;;;;
GRGEM17-61710;Floing <61710>;;;;;;;;
GRGEM17-61711;Gasen <61711>;;;;;;;;
GRGEM17-61759;Gersdorf an der Feistritz <61759>;;;;;;;;
GRGEM17-61760;Gleisdorf <61760>;;;;;;;;
GRGEM17-61761;Gutenberg-Stenzengreith <61761>;;;;;;;;
GRGEM17-61719;Hofstätten an der Raab <61719>;;;;;;;;
GRGEM17-61762;Ilztal <61762>;;;;;;;;
GRGEM17-61727;Ludersdorf-Wilfersdorf <61727>;;;;;;;;
GRGEM17-61716;Markt Hartmannsdorf <61716>;;;;;;;;
GRGEM17-61728;Miesenbach bei Birkfeld <61728>;;;;;;;;
GRGEM17-61729;Mitterdorf an der Raab <61729>;;;;;;;;
GRGEM17-61730;Mortantsch <61730>;;;;;;;;
GRGEM17-61731;Naas <61731>;;;;;;;;
GRGEM17-61763;Passail <61763>;;;;;;;;
GRGEM17-61764;Pischelsdorf am Kulm <61764>;;;;;;;;
GRGEM17-61740;Puch bei Weiz <61740>;;;;;;;;
GRGEM17-61741;Ratten <61741>;;;;;;;;
GRGEM17-61743;Rettenegg <61743>;;;;;;;;
GRGEM17-61744;Sankt Kathrein am Hauenstein <61744>;;;;;;;;
GRGEM17-61745;Sankt Kathrein am Offenegg <61745>;;;;;;;;
GRGEM17-61746;Sankt Margarethen an der Raab <61746>;;;;;;;;
GRGEM17-61765;Sankt Ruprecht an der Raab <61765>;;;;;;;;
GRGEM17-61748;Sinabelkirchen <61748>;;;;;;;;
GRGEM17-61750;Strallegg <61750>;;;;;;;;
GRGEM17-61751;Thannhausen <61751>;;;;;;;;
GRGEM17-61766;Weiz <61766>;;;;;;;;
GRGEM17-62007;Fohnsdorf <62007>;;;;;;;;
GRGEM17-62008;Gaal <62008>;;;;;;;;
GRGEM17-62010;Hohentauern <62010>;;;;;;;;
GRGEM17-62040;Judenburg <62040>;;;;;;;;
GRGEM17-62041;Knittelfeld <62041>;;;;;;;;
GRGEM17-62014;Kobenz <62014>;;;;;;;;
GRGEM17-62039;Lobmingtal <62039>;;;;;;;;
GRGEM17-62042;Obdach <62042>;;;;;;;;
GRGEM17-62043;Pöls-Oberkurzheim <62043>;;;;;;;;
GRGEM17-62044;Pölstal <62044>;;;;;;;;
GRGEM17-62021;Pusterwald <62021>;;;;;;;;
GRGEM17-62026;Sankt Georgen ob Judenburg <62026>;;;;;;;;
GRGEM17-62045;Sankt Marein-Feistritz <62045>;;;;;;;;
GRGEM17-62046;Sankt Margarethen bei Knittelfeld <62046>;;;;;;;;
GRGEM17-62032;Sankt Peter ob Judenburg <62032>;;;;;;;;
GRGEM17-62034;Seckau <62034>;;;;;;;;
GRGEM17-62047;Spielberg <62047>;;;;;;;;
GRGEM17-62036;Unzmarkt-Frauenburg <62036>;;;;;;;;
GRGEM17-62048;Weißkirchen in Steiermark <62048>;;;;;;;;
GRGEM17-62038;Zeltweg <62038>;;;;;;;;
GRGEM17-62138;Aflenz  <62138>;;;;;;;;
GRGEM17-62105;Breitenau am Hochlantsch <62105>;;;;;;;;
GRGEM17-62139;Bruck an der Mur <62139>;;;;;;;;
GRGEM17-62140;Kapfenberg <62140>;;;;;;;;
GRGEM17-62141;Kindberg <62141>;;;;;;;;
GRGEM17-62115;Krieglach <62115>;;;;;;;;
GRGEM17-62116;Langenwang <62116>;;;;;;;;
GRGEM17-62142;Mariazell <62142>;;;;;;;;
GRGEM17-62143;Mürzzuschlag <62143>;;;;;;;;
GRGEM17-62144;Neuberg an der Mürz <62144>;;;;;;;;
GRGEM17-62125;Pernegg an der Mur <62125>;;;;;;;;
GRGEM17-62145;Sankt Barbara im Mürztal <62145>;;;;;;;;
GRGEM17-62128;Sankt Lorenzen im Mürztal <62128>;;;;;;;;
GRGEM17-62146;Sankt Marein im Mürztal <62146>;;;;;;;;
GRGEM17-62131;Spital am Semmering <62131>;;;;;;;;
GRGEM17-62132;Stanz im Mürztal <62132>;;;;;;;;
GRGEM17-62147;Thörl <62147>;;;;;;;;
GRGEM17-62148;Tragöß-Sankt Katharein <62148>;;;;;;;;
GRGEM17-62135;Turnau <62135>;;;;;;;;
GRGEM17-62202;Bad Blumau <62202>;;;;;;;;
GRGEM17-62264;Bad Waltersdorf <62264>;;;;;;;;
GRGEM17-62205;Buch-St. Magdalena <62205>;;;;;;;;
GRGEM17-62206;Burgau <62206>;;;;;;;;
GRGEM17-62265;Dechantskirchen <62265>;;;;;;;;
GRGEM17-62209;Ebersdorf <62209>;;;;;;;;
GRGEM17-62266;Feistritztal <62266>;;;;;;;;
GRGEM17-62211;Friedberg <62211>;;;;;;;;
GRGEM17-62267;Fürstenfeld <62267>;;;;;;;;
GRGEM17-62268;Grafendorf bei Hartberg <62268>;;;;;;;;
GRGEM17-62214;Greinbach <62214>;;;;;;;;
GRGEM17-62216;Großsteinbach <62216>;;;;;;;;
GRGEM17-62269;Großwilfersdorf <62269>;;;;;;;;
GRGEM17-62219;Hartberg <62219>;;;;;;;;
GRGEM17-62220;Hartberg Umgebung <62220>;;;;;;;;
GRGEM17-62270;Hartl <62270>;;;;;;;;
GRGEM17-62271;Ilz <62271>;;;;;;;;
GRGEM17-62272;Kaindorf <62272>;;;;;;;;
GRGEM17-62226;Lafnitz <62226>;;;;;;;;
GRGEM17-62273;Loipersdorf bei Fürstenfeld <62273>;;;;;;;;
GRGEM17-62274;Neudau <62274>;;;;;;;;
GRGEM17-62232;Ottendorf an der Rittschein <62232>;;;;;;;;
GRGEM17-62233;Pinggau <62233>;;;;;;;;
GRGEM17-62275;Pöllau <62275>;;;;;;;;
GRGEM17-62235;Pöllauberg <62235>;;;;;;;;
GRGEM17-62276;Rohr bei Hartberg <62276>;;;;;;;;
GRGEM17-62277;Rohrbach an der Lafnitz <62277>;;;;;;;;
GRGEM17-62242;Sankt Jakob im Walde <62242>;;;;;;;;
GRGEM17-62244;Sankt Johann in der Haide <62244>;;;;;;;;
GRGEM17-62245;Sankt Lorenzen am Wechsel <62245>;;;;;;;;
GRGEM17-62247;Schäffern <62247>;;;;;;;;
GRGEM17-62252;Söchau <62252>;;;;;;;;
GRGEM17-62256;Stubenberg <62256>;;;;;;;;
GRGEM17-62278;Vorau <62278>;;;;;;;;
GRGEM17-62279;Waldbach-Mönichwald <62279>;;;;;;;;
GRGEM17-62262;Wenigzell <62262>;;;;;;;;
GRGEM17-62375;Bad Gleichenberg <62375>;;;;;;;;
GRGEM17-62376;Bad Radkersburg <62376>;;;;;;;;
GRGEM17-62377;Deutsch Goritz <62377>;;;;;;;;
GRGEM17-62311;Edelsbach bei Feldbach <62311>;;;;;;;;
GRGEM17-62314;Eichkögl <62314>;;;;;;;;
GRGEM17-62378;Fehring <62378>;;;;;;;;
GRGEM17-62379;Feldbach <62379>;;;;;;;;
GRGEM17-62380;Gnas <62380>;;;;;;;;
GRGEM17-62326;Halbenrain <62326>;;;;;;;;
GRGEM17-62330;Jagerberg <62330>;;;;;;;;
GRGEM17-62332;Kapfenstein <62332>;;;;;;;;
GRGEM17-62381;Kirchbach-Zerlach <62381>;;;;;;;;
GRGEM17-62382;Kirchberg an der Raab <62382>;;;;;;;;
GRGEM17-62335;Klöch <62335>;;;;;;;;
GRGEM17-62343;Mettersdorf am Saßbach <62343>;;;;;;;;
GRGEM17-62383;Mureck <62383>;;;;;;;;
GRGEM17-62347;Murfeld <62347>;;;;;;;;
GRGEM17-62384;Paldau <62384>;;;;;;;;
GRGEM17-62385;Pirching am Traubenberg <62385>;;;;;;;;
GRGEM17-62386;Riegersburg <62386>;;;;;;;;
GRGEM17-62387;Sankt Anna am Aigen <62387>;;;;;;;;
GRGEM17-62388;Sankt Peter am Ottersbach <62388>;;;;;;;;
GRGEM17-62389;Sankt Stefan im Rosental <62389>;;;;;;;;
GRGEM17-62390;Straden <62390>;;;;;;;;
GRGEM17-62368;Tieschen <62368>;;;;;;;;
GRGEM17-62372;Unterlamm <62372>;;;;;;;;
GRGEM17-70101;Innsbruck <70101>;;;;;;;;
GRGEM17-70201;Arzl im Pitztal <70201>;;;;;;;;
GRGEM17-70202;Haiming <70202>;;;;;;;;
GRGEM17-70203;Imst <70203>;;;;;;;;
GRGEM17-70204;Imsterberg <70204>;;;;;;;;
GRGEM17-70205;Jerzens <70205>;;;;;;;;
GRGEM17-70206;Karres <70206>;;;;;;;;
GRGEM17-70207;Karrösten <70207>;;;;;;;;
GRGEM17-70208;Längenfeld <70208>;;;;;;;;
GRGEM17-70209;Mieming <70209>;;;;;;;;
GRGEM17-70210;Mils bei Imst <70210>;;;;;;;;
GRGEM17-70211;Mötz <70211>;;;;;;;;
GRGEM17-70212;Nassereith <70212>;;;;;;;;
GRGEM17-70213;Obsteig <70213>;;;;;;;;
GRGEM17-70214;Oetz <70214>;;;;;;;;
GRGEM17-70215;Rietz <70215>;;;;;;;;
GRGEM17-70216;Roppen <70216>;;;;;;;;
GRGEM17-70217;Sankt Leonhard im Pitztal <70217>;;;;;;;;
GRGEM17-70218;Sautens <70218>;;;;;;;;
GRGEM17-70219;Silz <70219>;;;;;;;;
GRGEM17-70220;Sölden <70220>;;;;;;;;
GRGEM17-70221;Stams <70221>;;;;;;;;
GRGEM17-70222;Tarrenz <70222>;;;;;;;;
GRGEM17-70223;Umhausen <70223>;;;;;;;;
GRGEM17-70224;Wenns <70224>;;;;;;;;
GRGEM17-70301;Absam <70301>;;;;;;;;
GRGEM17-70302;Aldrans <70302>;;;;;;;;
GRGEM17-70303;Ampass <70303>;;;;;;;;
GRGEM17-70304;Axams <70304>;;;;;;;;
GRGEM17-70305;Baumkirchen <70305>;;;;;;;;
GRGEM17-70306;Birgitz <70306>;;;;;;;;
GRGEM17-70307;Ellbögen <70307>;;;;;;;;
GRGEM17-70308;Flaurling <70308>;;;;;;;;
GRGEM17-70309;Fritzens <70309>;;;;;;;;
GRGEM17-70310;Fulpmes <70310>;;;;;;;;
GRGEM17-70311;Gnadenwald <70311>;;;;;;;;
GRGEM17-70312;Götzens <70312>;;;;;;;;
GRGEM17-70313;Gries am Brenner <70313>;;;;;;;;
GRGEM17-70314;Gries im Sellrain <70314>;;;;;;;;
GRGEM17-70315;Grinzens <70315>;;;;;;;;
GRGEM17-70317;Gschnitz <70317>;;;;;;;;
GRGEM17-70354;Hall in Tirol <70354>;;;;;;;;
GRGEM17-70318;Hatting <70318>;;;;;;;;
GRGEM17-70319;Inzing <70319>;;;;;;;;
GRGEM17-70320;Kematen in Tirol <70320>;;;;;;;;
GRGEM17-70322;Kolsass <70322>;;;;;;;;
GRGEM17-70323;Kolsassberg <70323>;;;;;;;;
GRGEM17-70325;Lans <70325>;;;;;;;;
GRGEM17-70326;Leutasch <70326>;;;;;;;;
GRGEM17-70327;Matrei am Brenner <70327>;;;;;;;;
GRGEM17-70328;Mieders <70328>;;;;;;;;
GRGEM17-70329;Mils <70329>;;;;;;;;
GRGEM17-70330;Mühlbachl <70330>;;;;;;;;
GRGEM17-70331;Mutters <70331>;;;;;;;;
GRGEM17-70332;Natters <70332>;;;;;;;;
GRGEM17-70333;Navis <70333>;;;;;;;;
GRGEM17-70334;Neustift im Stubaital <70334>;;;;;;;;
GRGEM17-70335;Oberhofen im Inntal <70335>;;;;;;;;
GRGEM17-70336;Obernberg am Brenner <70336>;;;;;;;;
GRGEM17-70337;Oberperfuss <70337>;;;;;;;;
GRGEM17-70338;Patsch <70338>;;;;;;;;
GRGEM17-70339;Pettnau <70339>;;;;;;;;
GRGEM17-70340;Pfaffenhofen <70340>;;;;;;;;
GRGEM17-70341;Pfons <70341>;;;;;;;;
GRGEM17-70342;Polling in Tirol <70342>;;;;;;;;
GRGEM17-70343;Ranggen <70343>;;;;;;;;
GRGEM17-70344;Reith bei Seefeld <70344>;;;;;;;;
GRGEM17-70345;Rinn <70345>;;;;;;;;
GRGEM17-70346;Rum <70346>;;;;;;;;
GRGEM17-70347;Sankt Sigmund im Sellrain <70347>;;;;;;;;
GRGEM17-70348;Scharnitz <70348>;;;;;;;;
GRGEM17-70349;Schmirn <70349>;;;;;;;;
GRGEM17-70350;Schönberg im Stubaital <70350>;;;;;;;;
GRGEM17-70351;Seefeld in Tirol <70351>;;;;;;;;
GRGEM17-70352;Sellrain <70352>;;;;;;;;
GRGEM17-70353;Sistrans <70353>;;;;;;;;
GRGEM17-70355;Steinach am Brenner <70355>;;;;;;;;
GRGEM17-70356;Telfes im Stubai <70356>;;;;;;;;
GRGEM17-70357;Telfs <70357>;;;;;;;;
GRGEM17-70358;Thaur <70358>;;;;;;;;
GRGEM17-70359;Trins <70359>;;;;;;;;
GRGEM17-70360;Tulfes <70360>;;;;;;;;
GRGEM17-70361;Unterperfuss <70361>;;;;;;;;
GRGEM17-70362;Vals <70362>;;;;;;;;
GRGEM17-70365;Volders <70365>;;;;;;;;
GRGEM17-70364;Völs <70364>;;;;;;;;
GRGEM17-70366;Wattenberg <70366>;;;;;;;;
GRGEM17-70367;Wattens <70367>;;;;;;;;
GRGEM17-70368;Wildermieming <70368>;;;;;;;;
GRGEM17-70369;Zirl <70369>;;;;;;;;
GRGEM17-70401;Aurach bei Kitzbühel <70401>;;;;;;;;
GRGEM17-70402;Brixen im Thale <70402>;;;;;;;;
GRGEM17-70403;Fieberbrunn <70403>;;;;;;;;
GRGEM17-70404;Going am Wilden Kaiser <70404>;;;;;;;;
GRGEM17-70405;Hochfilzen <70405>;;;;;;;;
GRGEM17-70406;Hopfgarten im Brixental <70406>;;;;;;;;
GRGEM17-70407;Itter <70407>;;;;;;;;
GRGEM17-70408;Jochberg <70408>;;;;;;;;
GRGEM17-70409;Kirchberg in Tirol <70409>;;;;;;;;
GRGEM17-70410;Kirchdorf in Tirol <70410>;;;;;;;;
GRGEM17-70411;Kitzbühel <70411>;;;;;;;;
GRGEM17-70412;Kössen <70412>;;;;;;;;
GRGEM17-70413;Oberndorf in Tirol <70413>;;;;;;;;
GRGEM17-70414;Reith bei Kitzbühel <70414>;;;;;;;;
GRGEM17-70415;Sankt Jakob in Haus <70415>;;;;;;;;
GRGEM17-70416;Sankt Johann in Tirol <70416>;;;;;;;;
GRGEM17-70417;Sankt Ulrich am Pillersee <70417>;;;;;;;;
GRGEM17-70418;Schwendt <70418>;;;;;;;;
GRGEM17-70419;Waidring <70419>;;;;;;;;
GRGEM17-70420;Westendorf <70420>;;;;;;;;
GRGEM17-70501;Alpbach <70501>;;;;;;;;
GRGEM17-70502;Angath <70502>;;;;;;;;
GRGEM17-70528;Angerberg <70528>;;;;;;;;
GRGEM17-70503;Bad Häring <70503>;;;;;;;;
GRGEM17-70504;Brandenberg <70504>;;;;;;;;
GRGEM17-70505;Breitenbach am Inn <70505>;;;;;;;;
GRGEM17-70506;Brixlegg <70506>;;;;;;;;
GRGEM17-70508;Ebbs <70508>;;;;;;;;
GRGEM17-70509;Ellmau <70509>;;;;;;;;
GRGEM17-70510;Erl <70510>;;;;;;;;
GRGEM17-70511;Kirchbichl <70511>;;;;;;;;
GRGEM17-70512;Kramsach <70512>;;;;;;;;
GRGEM17-70513;Kufstein <70513>;;;;;;;;
GRGEM17-70514;Kundl <70514>;;;;;;;;
GRGEM17-70515;Langkampfen <70515>;;;;;;;;
GRGEM17-70516;Mariastein <70516>;;;;;;;;
GRGEM17-70517;Münster <70517>;;;;;;;;
GRGEM17-70518;Niederndorf <70518>;;;;;;;;
GRGEM17-70519;Niederndorferberg <70519>;;;;;;;;
GRGEM17-70520;Radfeld <70520>;;;;;;;;
GRGEM17-70521;Rattenberg <70521>;;;;;;;;
GRGEM17-70522;Reith im Alpbachtal <70522>;;;;;;;;
GRGEM17-70523;Rettenschöss <70523>;;;;;;;;
GRGEM17-70524;Scheffau am Wilden Kaiser <70524>;;;;;;;;
GRGEM17-70525;Schwoich <70525>;;;;;;;;
GRGEM17-70526;Söll <70526>;;;;;;;;
GRGEM17-70527;Thiersee <70527>;;;;;;;;
GRGEM17-70529;Walchsee <70529>;;;;;;;;
GRGEM17-70530;Wildschönau <70530>;;;;;;;;
GRGEM17-70531;Wörgl <70531>;;;;;;;;
GRGEM17-70601;Faggen <70601>;;;;;;;;
GRGEM17-70602;Fendels <70602>;;;;;;;;
GRGEM17-70603;Fiss <70603>;;;;;;;;
GRGEM17-70604;Fließ <70604>;;;;;;;;
GRGEM17-70605;Flirsch <70605>;;;;;;;;
GRGEM17-70606;Galtür <70606>;;;;;;;;
GRGEM17-70607;Grins <70607>;;;;;;;;
GRGEM17-70608;Ischgl <70608>;;;;;;;;
GRGEM17-70609;Kappl <70609>;;;;;;;;
GRGEM17-70610;Kaunerberg <70610>;;;;;;;;
GRGEM17-70611;Kaunertal <70611>;;;;;;;;
GRGEM17-70612;Kauns <70612>;;;;;;;;
GRGEM17-70613;Ladis <70613>;;;;;;;;
GRGEM17-70614;Landeck <70614>;;;;;;;;
GRGEM17-70615;Nauders <70615>;;;;;;;;
GRGEM17-70616;Pettneu am Arlberg <70616>;;;;;;;;
GRGEM17-70617;Pfunds <70617>;;;;;;;;
GRGEM17-70618;Pians <70618>;;;;;;;;
GRGEM17-70619;Prutz <70619>;;;;;;;;
GRGEM17-70620;Ried im Oberinntal <70620>;;;;;;;;
GRGEM17-70621;Sankt Anton am Arlberg <70621>;;;;;;;;
GRGEM17-70622;Schönwies <70622>;;;;;;;;
GRGEM17-70623;See <70623>;;;;;;;;
GRGEM17-70624;Serfaus <70624>;;;;;;;;
GRGEM17-70625;Spiss <70625>;;;;;;;;
GRGEM17-70626;Stanz bei Landeck <70626>;;;;;;;;
GRGEM17-70627;Strengen <70627>;;;;;;;;
GRGEM17-70628;Tobadill <70628>;;;;;;;;
GRGEM17-70629;Tösens <70629>;;;;;;;;
GRGEM17-70630;Zams <70630>;;;;;;;;
GRGEM17-70701;Abfaltersbach <70701>;;;;;;;;
GRGEM17-70702;Ainet <70702>;;;;;;;;
GRGEM17-70703;Amlach <70703>;;;;;;;;
GRGEM17-70704;Anras <70704>;;;;;;;;
GRGEM17-70705;Assling <70705>;;;;;;;;
GRGEM17-70706;Außervillgraten <70706>;;;;;;;;
GRGEM17-70707;Dölsach <70707>;;;;;;;;
GRGEM17-70708;Gaimberg <70708>;;;;;;;;
GRGEM17-70735;Heinfels <70735>;;;;;;;;
GRGEM17-70709;Hopfgarten in Defereggen <70709>;;;;;;;;
GRGEM17-70710;Innervillgraten <70710>;;;;;;;;
GRGEM17-70711;Iselsberg-Stronach <70711>;;;;;;;;
GRGEM17-70712;Kals am Großglockner <70712>;;;;;;;;
GRGEM17-70713;Kartitsch <70713>;;;;;;;;
GRGEM17-70714;Lavant <70714>;;;;;;;;
GRGEM17-70715;Leisach <70715>;;;;;;;;
GRGEM17-70716;Lienz <70716>;;;;;;;;
GRGEM17-70717;Matrei in Osttirol <70717>;;;;;;;;
GRGEM17-70718;Nikolsdorf <70718>;;;;;;;;
GRGEM17-70719;Nußdorf-Debant <70719>;;;;;;;;
GRGEM17-70720;Oberlienz <70720>;;;;;;;;
GRGEM17-70721;Obertilliach <70721>;;;;;;;;
GRGEM17-70723;Prägraten am Großvenediger <70723>;;;;;;;;
GRGEM17-70724;Sankt Jakob in Defereggen <70724>;;;;;;;;
GRGEM17-70725;Sankt Johann im Walde <70725>;;;;;;;;
GRGEM17-70726;Sankt Veit in Defereggen <70726>;;;;;;;;
GRGEM17-70727;Schlaiten <70727>;;;;;;;;
GRGEM17-70728;Sillian <70728>;;;;;;;;
GRGEM17-70729;Strassen <70729>;;;;;;;;
GRGEM17-70731;Thurn <70731>;;;;;;;;
GRGEM17-70732;Tristach <70732>;;;;;;;;
GRGEM17-70733;Untertilliach <70733>;;;;;;;;
GRGEM17-70734;Virgen <70734>;;;;;;;;
GRGEM17-70801;Bach <70801>;;;;;;;;
GRGEM17-70802;Berwang <70802>;;;;;;;;
GRGEM17-70803;Biberwier <70803>;;;;;;;;
GRGEM17-70804;Bichlbach <70804>;;;;;;;;
GRGEM17-70805;Breitenwang <70805>;;;;;;;;
GRGEM17-70806;Ehenbichl <70806>;;;;;;;;
GRGEM17-70807;Ehrwald <70807>;;;;;;;;
GRGEM17-70808;Elbigenalp <70808>;;;;;;;;
GRGEM17-70809;Elmen <70809>;;;;;;;;
GRGEM17-70810;Forchach <70810>;;;;;;;;
GRGEM17-70812;Gramais <70812>;;;;;;;;
GRGEM17-70811;Grän <70811>;;;;;;;;
GRGEM17-70813;Häselgehr <70813>;;;;;;;;
GRGEM17-70814;Heiterwang <70814>;;;;;;;;
GRGEM17-70815;Hinterhornbach <70815>;;;;;;;;
GRGEM17-70816;Höfen <70816>;;;;;;;;
GRGEM17-70817;Holzgau <70817>;;;;;;;;
GRGEM17-70818;Jungholz <70818>;;;;;;;;
GRGEM17-70819;Kaisers <70819>;;;;;;;;
GRGEM17-70820;Lechaschau <70820>;;;;;;;;
GRGEM17-70821;Lermoos <70821>;;;;;;;;
GRGEM17-70822;Musau <70822>;;;;;;;;
GRGEM17-70823;Namlos <70823>;;;;;;;;
GRGEM17-70824;Nesselwängle <70824>;;;;;;;;
GRGEM17-70825;Pfafflar <70825>;;;;;;;;
GRGEM17-70826;Pflach <70826>;;;;;;;;
GRGEM17-70827;Pinswang <70827>;;;;;;;;
GRGEM17-70828;Reutte <70828>;;;;;;;;
GRGEM17-70829;Schattwald <70829>;;;;;;;;
GRGEM17-70830;Stanzach <70830>;;;;;;;;
GRGEM17-70831;Steeg <70831>;;;;;;;;
GRGEM17-70832;Tannheim <70832>;;;;;;;;
GRGEM17-70833;Vils <70833>;;;;;;;;
GRGEM17-70834;Vorderhornbach <70834>;;;;;;;;
GRGEM17-70835;Wängle <70835>;;;;;;;;
GRGEM17-70836;Weißenbach am Lech <70836>;;;;;;;;
GRGEM17-70837;Zöblen <70837>;;;;;;;;
GRGEM17-70901;Achenkirch <70901>;;;;;;;;
GRGEM17-70902;Aschau im Zillertal <70902>;;;;;;;;
GRGEM17-70903;Brandberg <70903>;;;;;;;;
GRGEM17-70904;Bruck am Ziller <70904>;;;;;;;;
GRGEM17-70905;Buch in Tirol <70905>;;;;;;;;
GRGEM17-70907;Eben am Achensee <70907>;;;;;;;;
GRGEM17-70908;Finkenberg <70908>;;;;;;;;
GRGEM17-70909;Fügen <70909>;;;;;;;;
GRGEM17-70910;Fügenberg <70910>;;;;;;;;
GRGEM17-70911;Gallzein <70911>;;;;;;;;
GRGEM17-70912;Gerlos <70912>;;;;;;;;
GRGEM17-70913;Gerlosberg <70913>;;;;;;;;
GRGEM17-70914;Hainzenberg <70914>;;;;;;;;
GRGEM17-70915;Hart im Zillertal <70915>;;;;;;;;
GRGEM17-70916;Hippach <70916>;;;;;;;;
GRGEM17-70917;Jenbach <70917>;;;;;;;;
GRGEM17-70918;Kaltenbach <70918>;;;;;;;;
GRGEM17-70920;Mayrhofen <70920>;;;;;;;;
GRGEM17-70921;Pill <70921>;;;;;;;;
GRGEM17-70922;Ramsau im Zillertal <70922>;;;;;;;;
GRGEM17-70923;Ried im Zillertal <70923>;;;;;;;;
GRGEM17-70924;Rohrberg <70924>;;;;;;;;
GRGEM17-70925;Schlitters <70925>;;;;;;;;
GRGEM17-70926;Schwaz <70926>;;;;;;;;
GRGEM17-70927;Schwendau <70927>;;;;;;;;
GRGEM17-70928;Stans <70928>;;;;;;;;
GRGEM17-70929;Steinberg am Rofan <70929>;;;;;;;;
GRGEM17-70930;Strass im Zillertal <70930>;;;;;;;;
GRGEM17-70931;Stumm <70931>;;;;;;;;
GRGEM17-70932;Stummerberg <70932>;;;;;;;;
GRGEM17-70933;Terfens <70933>;;;;;;;;
GRGEM17-70934;Tux <70934>;;;;;;;;
GRGEM17-70935;Uderns <70935>;;;;;;;;
GRGEM17-70936;Vomp <70936>;;;;;;;;
GRGEM17-70937;Weer <70937>;;;;;;;;
GRGEM17-70938;Weerberg <70938>;;;;;;;;
GRGEM17-70939;Wiesing <70939>;;;;;;;;
GRGEM17-70940;Zell am Ziller <70940>;;;;;;;;
GRGEM17-70941;Zellberg <70941>;;;;;;;;
GRGEM17-80101;Bartholomäberg <80101>;;;;;;;;
GRGEM17-80102;Blons <80102>;;;;;;;;
GRGEM17-80103;Bludenz <80103>;;;;;;;;
GRGEM17-80104;Bludesch <80104>;;;;;;;;
GRGEM17-80105;Brand <80105>;;;;;;;;
GRGEM17-80106;Bürs <80106>;;;;;;;;
GRGEM17-80107;Bürserberg <80107>;;;;;;;;
GRGEM17-80108;Dalaas <80108>;;;;;;;;
GRGEM17-80109;Fontanella <80109>;;;;;;;;
GRGEM17-80110;Gaschurn <80110>;;;;;;;;
GRGEM17-80111;Innerbraz <80111>;;;;;;;;
GRGEM17-80112;Klösterle <80112>;;;;;;;;
GRGEM17-80113;Lech <80113>;;;;;;;;
GRGEM17-80114;Lorüns <80114>;;;;;;;;
GRGEM17-80115;Ludesch <80115>;;;;;;;;
GRGEM17-80116;Nenzing <80116>;;;;;;;;
GRGEM17-80117;Nüziders <80117>;;;;;;;;
GRGEM17-80118;Raggal <80118>;;;;;;;;
GRGEM17-80119;Sankt Anton im Montafon <80119>;;;;;;;;
GRGEM17-80120;Sankt Gallenkirch <80120>;;;;;;;;
GRGEM17-80121;Sankt Gerold <80121>;;;;;;;;
GRGEM17-80122;Schruns <80122>;;;;;;;;
GRGEM17-80123;Silbertal <80123>;;;;;;;;
GRGEM17-80124;Sonntag <80124>;;;;;;;;
GRGEM17-80125;Stallehr <80125>;;;;;;;;
GRGEM17-80126;Thüringen <80126>;;;;;;;;
GRGEM17-80127;Thüringerberg <80127>;;;;;;;;
GRGEM17-80128;Tschagguns <80128>;;;;;;;;
GRGEM17-80129;Vandans <80129>;;;;;;;;
GRGEM17-80201;Alberschwende <80201>;;;;;;;;
GRGEM17-80202;Andelsbuch <80202>;;;;;;;;
GRGEM17-80203;Au <80203>;;;;;;;;
GRGEM17-80204;Bezau <80204>;;;;;;;;
GRGEM17-80205;Bildstein <80205>;;;;;;;;
GRGEM17-80206;Bizau <80206>;;;;;;;;
GRGEM17-80207;Bregenz <80207>;;;;;;;;
GRGEM17-80208;Buch <80208>;;;;;;;;
GRGEM17-80209;Damüls <80209>;;;;;;;;
GRGEM17-80210;Doren <80210>;;;;;;;;
GRGEM17-80211;Egg <80211>;;;;;;;;
GRGEM17-80212;Eichenberg <80212>;;;;;;;;
GRGEM17-80213;Fußach <80213>;;;;;;;;
GRGEM17-80214;Gaißau <80214>;;;;;;;;
GRGEM17-80215;Hard <80215>;;;;;;;;
GRGEM17-80216;Hittisau <80216>;;;;;;;;
GRGEM17-80217;Höchst <80217>;;;;;;;;
GRGEM17-80219;Hohenweiler <80219>;;;;;;;;
GRGEM17-80218;Hörbranz <80218>;;;;;;;;
GRGEM17-80220;Kennelbach <80220>;;;;;;;;
GRGEM17-80221;Krumbach <80221>;;;;;;;;
GRGEM17-80222;Langen bei Bregenz <80222>;;;;;;;;
GRGEM17-80223;Langenegg <80223>;;;;;;;;
GRGEM17-80224;Lauterach <80224>;;;;;;;;
GRGEM17-80225;Lingenau <80225>;;;;;;;;
GRGEM17-80226;Lochau <80226>;;;;;;;;
GRGEM17-80227;Mellau <80227>;;;;;;;;
GRGEM17-80228;Mittelberg <80228>;;;;;;;;
GRGEM17-80229;Möggers <80229>;;;;;;;;
GRGEM17-80230;Reuthe <80230>;;;;;;;;
GRGEM17-80231;Riefensberg <80231>;;;;;;;;
GRGEM17-80232;Schnepfau <80232>;;;;;;;;
GRGEM17-80233;Schoppernau <80233>;;;;;;;;
GRGEM17-80234;Schröcken <80234>;;;;;;;;
GRGEM17-80235;Schwarzach <80235>;;;;;;;;
GRGEM17-80236;Schwarzenberg <80236>;;;;;;;;
GRGEM17-80237;Sibratsgfäll <80237>;;;;;;;;
GRGEM17-80238;Sulzberg <80238>;;;;;;;;
GRGEM17-80239;Warth <80239>;;;;;;;;
GRGEM17-80240;Wolfurt <80240>;;;;;;;;
GRGEM17-80301;Dornbirn <80301>;;;;;;;;
GRGEM17-80302;Hohenems <80302>;;;;;;;;
GRGEM17-80303;Lustenau <80303>;;;;;;;;
GRGEM17-80401;Altach <80401>;;;;;;;;
GRGEM17-80402;Düns <80402>;;;;;;;;
GRGEM17-80403;Dünserberg <80403>;;;;;;;;
GRGEM17-80404;Feldkirch <80404>;;;;;;;;
GRGEM17-80405;Frastanz <80405>;;;;;;;;
GRGEM17-80406;Fraxern <80406>;;;;;;;;
GRGEM17-80407;Göfis <80407>;;;;;;;;
GRGEM17-80408;Götzis <80408>;;;;;;;;
GRGEM17-80409;Klaus <80409>;;;;;;;;
GRGEM17-80410;Koblach <80410>;;;;;;;;
GRGEM17-80411;Laterns <80411>;;;;;;;;
GRGEM17-80412;Mäder <80412>;;;;;;;;
GRGEM17-80413;Meiningen <80413>;;;;;;;;
GRGEM17-80414;Rankweil <80414>;;;;;;;;
GRGEM17-80415;Röns <80415>;;;;;;;;
GRGEM17-80416;Röthis <80416>;;;;;;;;
GRGEM17-80417;Satteins <80417>;;;;;;;;
GRGEM17-80418;Schlins <80418>;;;;;;;;
GRGEM17-80419;Schnifis <80419>;;;;;;;;
GRGEM17-80420;Sulz <80420>;;;;;;;;
GRGEM17-80421;Übersaxen <80421>;;;;;;;;
GRGEM17-80422;Viktorsberg <80422>;;;;;;;;
GRGEM17-80423;Weiler <80423>;;;;;;;;
GRGEM17-80424;Zwischenwasser <80424>;;;;;;;;
GRGEM17-90101;Wien 1.,Innere Stadt <90101>;;;;;;;;
GRGEM17-90201;Wien 2.,Leopoldstadt <90201>;;;;;;;;
GRGEM17-90301;Wien 3.,Landstraße <90301>;;;;;;;;
GRGEM17-90401;Wien 4.,Wieden <90401>;;;;;;;;
GRGEM17-90501;Wien 5.,Margareten <90501>;;;;;;;;
GRGEM17-90601;Wien 6.,Mariahilf <90601>;;;;;;;;
GRGEM17-90701;Wien 7.,Neubau <90701>;;;;;;;;
GRGEM17-90801;Wien 8.,Josefstadt <90801>;;;;;;;;
GRGEM17-90901;Wien 9.,Alsergrund <90901>;;;;;;;;
GRGEM17-91001;Wien 10.,Favoriten <91001>;;;;;;;;
GRGEM17-91101;Wien 11.,Simmering <91101>;;;;;;;;
GRGEM17-91201;Wien 12.,Meidling <91201>;;;;;;;;
GRGEM17-91301;Wien 13.,Hietzing <91301>;;;;;;;;
GRGEM17-91401;Wien 14.,Penzing <91401>;;;;;;;;
GRGEM17-91501;Wien 15.,Rudolfsheim-Fünfhaus <91501>;;;;;;;;
GRGEM17-91601;Wien 16.,Ottakring <91601>;;;;;;;;
GRGEM17-91701;Wien 17.,Hernals <91701>;;;;;;;;
GRGEM17-91801;Wien 18.,Währing <91801>;;;;;;;;
GRGEM17-91901;Wien 19.,Döbling <91901>;;;;;;;;
GRGEM17-92001;Wien 20.,Brigittenau <92001>;;;;;;;;
GRGEM17-92101;Wien 21.,Floridsdorf <92101>;;;;;;;;
GRGEM17-92201;Wien 22.,Donaustadt <92201>;;;;;;;;
GRGEM17-92301;Wien 23.,Liesing <92301>;;;;;;;;
GRGEM17-90001;Wien <90001>;;;;;;;;
GRGEM17-0;Nicht klassifizierbar <0>;;;;;;;;
